idNumber,communityId
0,22
1,7
2,26
3,0
4,0
5,11
6,6
7,5
8,9
9,42
10,5
11,5
12,7
13,8
14,14
15,25
16,15
17,54
18,1
19,27
20,11
21,0
22,5
23,0
24,33
25,2
26,7
27,4
28,4
29,46
30,33
31,36
32,51
33,34
34,30
35,6
36,27
37,8
38,13
39,0
40,5
41,28
42,24
43,28
44,6
45,17
46,3
47,0
48,23
49,25
50,1
51,56
52,33
53,3
54,17
55,10
56,1
57,0
58,33
59,4
60,0
61,33
62,0
63,5
64,5
65,57
66,5
67,0
68,24
69,16
70,55
71,22
72,47
73,43
74,7
75,59
76,18
77,43
78,8
79,1
80,0
81,1
82,0
83,12
84,22
85,12
86,56
87,1
88,59
89,8
90,40
91,0
92,1
93,13
94,27
95,19
96,27
97,6
98,22
99,3
100,55
101,15
102,26
103,11
104,6
105,20
106,0
107,0
108,0
109,48
110,0
111,22
112,8
113,1
114,1
115,2
116,39
117,29
118,8
119,9
120,6
121,24
122,25
123,3
124,12
125,0
126,7
127,46
128,0
129,38
130,39
131,2
132,35
133,32
134,52
135,32
136,17
137,25
138,51
139,15
140,0
141,31
142,0
143,7
144,1
145,16
146,12
147,1
148,31
149,44
150,25
151,8
152,44
153,15
154,10
155,11
156,10
157,12
158,8
159,7
160,16
161,41
162,9
163,14
164,58
165,0
166,0
167,10
168,6
169,30
170,16
171,0
172,0
173,0
174,45
175,7
176,1
177,17
178,2
179,13
180,0
181,49
182,5
183,19
184,0
185,7
186,59
187,4
188,7
189,2
190,14
191,30
192,2
193,10
194,0
195,46
196,3
197,29
198,2
199,20
200,3
201,1
202,2
203,0
204,0
205,4
206,13
207,6
208,0
209,12
210,19
211,15
212,1
213,9
214,55
215,35
216,2
217,0
218,8
219,3
220,2
221,0
222,5
223,4
224,28
225,43
226,2
227,11
228,6
229,35
230,18
231,0
232,45
233,4
234,2
235,1
236,37
237,27
238,0
239,11
240,17
241,0
242,7
243,9
244,25
245,1
246,47
247,1
248,9
249,26
250,57
251,6
252,17
253,55
254,2
255,20
256,8
257,48
258,27
259,16
260,58
261,2
262,35
263,44
264,34
265,2
266,6
267,21
268,6
269,22
270,32
271,0
272,31
273,0
274,52
275,11
276,18
277,8
278,13
279,3
280,0
281,13
282,57
283,0
284,2
285,27
286,2
287,28
288,1
289,0
290,33
291,1
292,5
293,6
294,5
295,14
296,5
297,11
298,11
299,2
300,54
301,3
302,11
303,8
304,27
305,9
306,29
307,38
308,40
309,6
310,1
311,1
312,41
313,11
314,33
315,5
316,5
317,7
318,40
319,3
320,4
321,2
322,20
323,5
324,55
325,19
326,0
327,8
328,43
329,2
330,57
331,37
332,40
333,7
334,1
335,17
336,0
337,42
338,26
339,0
340,0
341,8
342,1
343,42
344,2
345,13
346,5
347,17
348,5
349,1
350,53
351,19
352,38
353,16
354,22
355,1
356,22
357,46
358,32
359,7
360,10
361,12
362,1
363,44
364,2
365,17
366,20
367,14
368,1
369,15
370,12
371,10
372,8
373,2
374,5
375,20
376,32
377,36
378,25
379,5
380,21
381,1
382,27
383,43
384,2
385,25
386,44
387,32
388,33
389,9
390,5
391,6
392,32
393,5
394,34
395,37
396,45
397,9
398,1
399,7
400,0
401,3
402,18
403,3
404,19
405,2
406,19
407,33
408,10
409,28
410,34
411,53
412,0
413,0
414,40
415,49
416,27
417,10
418,10
419,10
420,50
421,8
422,49
423,0
424,38
425,49
426,30
427,1
428,18
429,13
430,16
431,57
432,24
433,11
434,21
435,37
436,9
437,0
438,33
439,7
440,58
441,12
442,8
443,0
444,3
445,5
446,0
447,7
448,3
449,8
450,17
451,2
452,3
453,8
454,1
455,52
456,47
457,59
458,38
459,14
460,30
461,58
462,31
463,3
464,8
465,0
466,9
467,16
468,0
469,54
470,53
471,32
472,57
473,27
474,3
475,16
476,28
477,6
478,52
479,9
480,5
481,7
482,0
483,3
484,0
485,25
486,7
487,59
488,0
489,1
490,0
491,22
492,0
493,7
494,20
495,3
496,34
497,25
498,3
499,0
500,0
501,2
502,19
503,13
504,0
505,26
506,57
507,12
508,38
509,5
510,29
511,6
512,7
513,28
514,6
515,46
516,17
517,5
518,27
519,21
520,59
521,18
522,0
523,17
524,5
525,0
526,11
527,36
528,17
529,1
530,15
531,4
532,17
533,3
534,44
535,46
536,6
537,5
538,50
539,12
540,1
541,37
542,1
543,28
544,1
545,6
546,44
547,7
548,12
549,40
550,1
551,7
552,12
553,0
554,14
555,18
556,8
557,18
558,6
559,41
560,7
561,5
562,22
563,7
564,48
565,5
566,22
567,31
568,1
569,5
570,4
571,30
572,7
573,52
574,11
575,19
576,5
577,44
578,3
579,7
580,50
581,58
582,12
583,11
584,21
585,42
586,27
587,55
588,52
589,6
590,1
591,42
592,0
593,7
594,5
595,0
596,40
597,15
598,57
599,2
600,53
601,1
602,39
603,3
604,15
605,3
606,20
607,36
608,25
609,26
610,32
611,4
612,26
613,18
614,37
615,1
616,28
617,53
618,56
619,49
620,0
621,9
622,0
623,48
624,2
625,14
626,37
627,24
628,20
629,8
630,1
631,50
632,26
633,6
634,6
635,19
636,1
637,0
638,24
639,0
640,44
641,0
642,0
643,5
644,25
645,11
646,12
647,3
648,27
649,0
650,35
651,51
652,6
653,13
654,0
655,27
656,55
657,0
658,16
659,46
660,25
661,10
662,0
663,38
664,12
665,0
666,41
667,8
668,2
669,45
670,36
671,4
672,26
673,43
674,39
675,23
676,14
677,0
678,36
679,0
680,8
681,7
682,25
683,4
684,3
685,17
686,51
687,0
688,1
689,15
690,35
691,28
692,7
693,38
694,33
695,8
696,27
697,3
698,0
699,0
700,3
701,49
702,5
703,0
704,36
705,3
706,43
707,22
708,54
709,4
710,10
711,0
712,5
713,0
714,25
715,11
716,6
717,2
718,6
719,29
720,7
721,23
722,13
723,5
724,59
725,48
726,3
727,48
728,28
729,15
730,0
731,17
732,56
733,5
734,0
735,49
736,0
737,25
738,25
739,36
740,13
741,36
742,0
743,1
744,1
745,52
746,18
747,17
748,6
749,8
750,59
751,15
752,37
753,22
754,6
755,37
756,15
757,53
758,8
759,28
760,8
761,34
762,0
763,48
764,2
765,44
766,9
767,41
768,28
769,0
770,51
771,1
772,12
773,0
774,15
775,0
776,6
777,46
778,36
779,40
780,1
781,52
782,20
783,25
784,12
785,41
786,24
787,39
788,52
789,27
790,8
791,8
792,7
793,5
794,18
795,0
796,5
797,3
798,11
799,13
800,7
801,51
802,4
803,3
804,37
805,9
806,1
807,31
808,0
809,55
810,3
811,7
812,10
813,17
814,7
815,49
816,3
817,2
818,22
819,35
820,46
821,42
822,17
823,13
824,13
825,11
826,30
827,22
828,48
829,9
830,1
831,5
832,0
833,26
834,39
835,3
836,19
837,17
838,7
839,6
840,3
841,8
842,28
843,46
844,8
845,12
846,5
847,27
848,4
849,54
850,33
851,37
852,7
853,20
854,28
855,30
856,2
857,8
858,20
859,13
860,0
861,0
862,14
863,0
864,41
865,9
866,6
867,13
868,2
869,16
870,3
871,4
872,26
873,56
874,34
875,3
876,45
877,55
878,10
879,7
880,19
881,28
882,17
883,40
884,27
885,6
886,7
887,0
888,10
889,13
890,25
891,42
892,15
893,36
894,12
895,6
896,7
897,6
898,24
899,1
900,46
901,41
902,5
903,20
904,25
905,7
906,14
907,7
908,0
909,24
910,35
911,39
912,8
913,0
914,47
915,41
916,2
917,0
918,6
919,5
920,3
921,0
922,35
923,34
924,34
925,1
926,8
927,0
928,30
929,1
930,53
931,8
932,7
933,7
934,10
935,10
936,1
937,10
938,0
939,5
940,1
941,10
942,0
943,7
944,48
945,56
946,9
947,5
948,0
949,57
950,10
951,49
952,2
953,7
954,34
955,13
956,4
957,13
958,36
959,2
960,0
961,5
962,29
963,5
964,0
965,33
966,16
967,18
968,2
969,48
970,58
971,3
972,8
973,5
974,25
975,16
976,9
977,31
978,11
979,4
980,51
981,9
982,41
983,35
984,21
985,56
986,29
987,7
988,47
989,19
990,3
991,16
992,32
993,49
994,36
995,0
996,6
997,25
998,36
999,5
1000,4
1001,31
1002,1
1003,19
1004,44
1005,30
1006,1
1007,8
1008,5
1009,10
1010,43
1011,11
1012,17
1013,0
1014,15
1015,39
1016,4
1017,12
1018,5
1019,40
1020,9
1021,38
1022,51
1023,27
1024,37
1025,22
1026,0
1027,19
1028,0
1029,3
1030,30
1031,47
1032,35
1033,0
1034,7
1035,18
1036,52
1037,6
1038,0
1039,5
1040,2
1041,11
1042,3
1043,5
1044,25
1045,2
1046,18
1047,42
1048,24
1049,14
1050,7
1051,48
1052,0
1053,2
1054,5
1055,25
1056,8
1057,7
1058,5
1059,2
1060,6
1061,41
1062,16
1063,1
1064,0
1065,56
1066,4
1067,47
1068,18
1069,25
1070,5
1071,25
1072,17
1073,5
1074,2
1075,50
1076,47
1077,2
1078,24
1079,5
1080,13
1081,20
1082,5
1083,9
1084,50
1085,15
1086,7
1087,48
1088,27
1089,36
1090,0
1091,17
1092,12
1093,0
1094,15
1095,1
1096,7
1097,34
1098,1
1099,46
1100,28
1101,3
1102,7
1103,5
1104,0
1105,12
1106,0
1107,37
1108,3
1109,1
1110,6
1111,41
1112,2
1113,17
1114,55
1115,5
1116,31
1117,8
1118,5
1119,1
1120,39
1121,0
1122,1
1123,45
1124,12
1125,3
1126,32
1127,0
1128,13
1129,29
1130,50
1131,15
1132,48
1133,27
1134,43
1135,3
1136,1
1137,1
1138,51
1139,57
1140,0
1141,15
1142,38
1143,9
1144,8
1145,40
1146,57
1147,17
1148,20
1149,0
1150,22
1151,2
1152,10
1153,47
1154,46
1155,0
1156,48
1157,21
1158,29
1159,23
1160,29
1161,6
1162,26
1163,24
1164,43
1165,0
1166,0
1167,21
1168,11
1169,1
1170,6
1171,6
1172,10
1173,5
1174,0
1175,12
1176,30
1177,40
1178,6
1179,45
1180,11
1181,2
1182,46
1183,52
1184,0
1185,3
1186,3
1187,22
1188,22
1189,47
1190,24
1191,29
1192,23
1193,26
1194,23
1195,10
1196,8
1197,4
1198,9
1199,6
1200,0
1201,16
1202,8
1203,7
1204,6
1205,5
1206,37
1207,7
1208,12
1209,50
1210,8
1211,1
1212,23
1213,1
1214,16
1215,13
1216,0
1217,8
1218,18
1219,48
1220,14
1221,8
1222,9
1223,19
1224,20
1225,46
1226,5
1227,2
1228,0
1229,3
1230,6
1231,7
1232,39
1233,2
1234,0
1235,26
1236,19
1237,7
1238,8
1239,15
1240,36
1241,15
1242,18
1243,3
1244,2
1245,0
1246,6
1247,49
1248,36
1249,5
1250,45
1251,4
1252,40
1253,3
1254,33
1255,5
1256,8
1257,7
1258,42
1259,25
1260,13
1261,10
1262,15
1263,32
1264,42
1265,3
1266,3
1267,9
1268,27
1269,0
1270,51
1271,32
1272,7
1273,0
1274,17
1275,0
1276,37
1277,55
1278,13
1279,15
1280,18
1281,33
1282,5
1283,53
1284,35
1285,15
1286,13
1287,0
1288,0
1289,59
1290,5
1291,0
1292,9
1293,0
1294,5
1295,34
1296,17
1297,0
1298,8
1299,19
1300,0
1301,28
1302,24
1303,3
1304,1
1305,6
1306,0
1307,32
1308,42
1309,16
1310,8
1311,49
1312,3
1313,28
1314,12
1315,0
1316,13
1317,4
1318,5
1319,11
1320,51
1321,22
1322,2
1323,36
1324,9
1325,21
1326,26
1327,59
1328,0
1329,16
1330,34
1331,6
1332,4
1333,44
1334,56
1335,1
1336,6
1337,8
1338,35
1339,6
1340,30
1341,2
1342,9
1343,0
1344,0
1345,3
1346,24
1347,30
1348,8
1349,0
1350,47
1351,40
1352,14
1353,3
1354,1
1355,0
1356,8
1357,6
1358,44
1359,48
1360,25
1361,41
1362,32
1363,0
1364,7
1365,0
1366,27
1367,8
1368,27
1369,40
1370,6
1371,19
1372,56
1373,11
1374,5
1375,19
1376,27
1377,44
1378,9
1379,32
1380,31
1381,6
1382,21
1383,3
1384,23
1385,0
1386,28
1387,5
1388,9
1389,0
1390,21
1391,35
1392,19
1393,33
1394,3
1395,13
1396,0
1397,12
1398,16
1399,3
1400,37
1401,21
1402,48
1403,32
1404,7
1405,27
1406,9
1407,0
1408,0
1409,9
1410,17
1411,0
1412,1
1413,3
1414,3
1415,8
1416,2
1417,53
1418,1
1419,27
1420,14
1421,2
1422,41
1423,30
1424,48
1425,14
1426,19
1427,6
1428,6
1429,25
1430,6
1431,11
1432,8
1433,11
1434,3
1435,9
1436,6
1437,53
1438,3
1439,5
1440,42
1441,5
1442,1
1443,22
1444,2
1445,9
1446,15
1447,12
1448,48
1449,3
1450,8
1451,8
1452,2
1453,0
1454,24
1455,9
1456,22
1457,0
1458,32
1459,40
1460,27
1461,1
1462,52
1463,35
1464,3
1465,2
1466,6
1467,6
1468,24
1469,22
1470,18
1471,49
1472,6
1473,59
1474,41
1475,55
1476,14
1477,7
1478,15
1479,31
1480,7
1481,0
1482,3
1483,2
1484,1
1485,15
1486,7
1487,5
1488,15
1489,15
1490,6
1491,40
1492,29
1493,3
1494,12
1495,55
1496,29
1497,22
1498,1
1499,3
1500,1
1501,38
1502,28
1503,2
1504,2
1505,6
1506,28
1507,36
1508,17
1509,17
1510,57
1511,11
1512,6
1513,38
1514,3
1515,30
1516,19
1517,51
1518,1
1519,1
1520,27
1521,9
1522,5
1523,1
1524,13
1525,14
1526,56
1527,49
1528,12
1529,10
1530,0
1531,7
1532,13
1533,34
1534,0
1535,0
1536,11
1537,57
1538,27
1539,5
1540,1
1541,0
1542,9
1543,5
1544,5
1545,8
1546,24
1547,23
1548,23
1549,1
1550,30
1551,13
1552,32
1553,7
1554,58
1555,0
1556,1
1557,2
1558,3
1559,6
1560,5
1561,46
1562,8
1563,2
1564,39
1565,5
1566,11
1567,39
1568,13
1569,18
1570,8
1571,35
1572,0
1573,21
1574,13
1575,7
1576,4
1577,7
1578,44
1579,2
1580,40
1581,37
1582,22
1583,3
1584,8
1585,7
1586,34
1587,7
1588,26
1589,1
1590,31
1591,20
1592,0
1593,26
1594,13
1595,16
1596,2
1597,21
1598,6
1599,2
1600,29
1601,5
1602,29
1603,53
1604,45
1605,6
1606,35
1607,34
1608,10
1609,8
1610,12
1611,31
1612,0
1613,36
1614,1
1615,4
1616,6
1617,24
1618,4
1619,0
1620,50
1621,18
1622,0
1623,22
1624,0
1625,2
1626,1
1627,22
1628,16
1629,53
1630,22
1631,28
1632,3
1633,0
1634,11
1635,1
1636,1
1637,0
1638,39
1639,19
1640,5
1641,12
1642,16
1643,4
1644,5
1645,28
1646,1
1647,37
1648,4
1649,48
1650,6
1651,3
1652,22
1653,17
1654,27
1655,6
1656,46
1657,0
1658,4
1659,15
1660,17
1661,21
1662,1
1663,8
1664,24
1665,0
1666,56
1667,26
1668,8
1669,9
1670,3
1671,26
1672,0
1673,2
1674,0
1675,8
1676,10
1677,17
1678,0
1679,0
1680,46
1681,3
1682,9
1683,2
1684,38
1685,3
1686,7
1687,12
1688,0
1689,25
1690,36
1691,43
1692,53
1693,8
1694,55
1695,28
1696,25
1697,40
1698,44
1699,34
1700,26
1701,1
1702,17
1703,39
1704,1
1705,16
1706,31
1707,0
1708,0
1709,16
1710,40
1711,23
1712,15
1713,0
1714,6
1715,0
1716,49
1717,5
1718,1
1719,12
1720,7
1721,8
1722,14
1723,25
1724,14
1725,19
1726,23
1727,16
1728,0
1729,6
1730,1
1731,53
1732,43
1733,25
1734,10
1735,48
1736,13
1737,43
1738,33
1739,29
1740,35
1741,8
1742,41
1743,7
1744,29
1745,26
1746,25
1747,3
1748,8
1749,32
1750,0
1751,17
1752,3
1753,18
1754,0
1755,7
1756,0
1757,48
1758,42
1759,15
1760,10
1761,46
1762,17
1763,48
1764,3
1765,7
1766,25
1767,24
1768,7
1769,20
1770,21
1771,18
1772,30
1773,11
1774,29
1775,7
1776,9
1777,15
1778,1
1779,0
1780,12
1781,31
1782,52
1783,25
1784,15
1785,19
1786,11
1787,24
1788,53
1789,20
1790,18
1791,10
1792,5
1793,47
1794,0
1795,5
1796,8
1797,8
1798,35
1799,0
1800,5
1801,6
1802,0
1803,18
1804,23
1805,16
1806,12
1807,31
1808,12
1809,15
1810,59
1811,5
1812,1
1813,18
1814,4
1815,9
1816,0
1817,21
1818,2
1819,18
1820,27
1821,52
1822,32
1823,0
1824,7
1825,19
1826,10
1827,57
1828,14
1829,7
1830,56
1831,51
1832,45
1833,30
1834,11
1835,1
1836,5
1837,25
1838,9
1839,43
1840,53
1841,22
1842,17
1843,11
1844,1
1845,10
1846,36
1847,7
1848,10
1849,1
1850,9
1851,14
1852,16
1853,19
1854,54
1855,1
1856,6
1857,1
1858,2
1859,5
1860,11
1861,48
1862,34
1863,3
1864,28
1865,4
1866,5
1867,31
1868,40
1869,1
1870,30
1871,0
1872,1
1873,41
1874,51
1875,58
1876,0
1877,12
1878,18
1879,1
1880,28
1881,0
1882,9
1883,44
1884,3
1885,48
1886,9
1887,11
1888,0
1889,37
1890,2
1891,19
1892,5
1893,16
1894,39
1895,49
1896,43
1897,23
1898,22
1899,48
1900,10
1901,1
1902,59
1903,9
1904,15
1905,26
1906,12
1907,14
1908,57
1909,1
1910,11
1911,53
1912,6
1913,9
1914,17
1915,6
1916,20
1917,12
1918,41
1919,26
1920,10
1921,22
1922,24
1923,53
1924,21
1925,7
1926,7
1927,7
1928,11
1929,22
1930,2
1931,21
1932,2
1933,14
1934,5
1935,53
1936,20
1937,4
1938,9
1939,0
1940,39
1941,18
1942,49
1943,3
1944,58
1945,29
1946,8
1947,6
1948,7
1949,0
1950,13
1951,3
1952,19
1953,50
1954,17
1955,15
1956,44
1957,28
1958,12
1959,6
1960,51
1961,4
1962,32
1963,18
1964,51
1965,24
1966,9
1967,18
1968,7
1969,44
1970,5
1971,11
1972,0
1973,13
1974,1
1975,18
1976,25
1977,5
1978,7
1979,39
1980,36
1981,10
1982,5
1983,0
1984,22
1985,54
1986,4
1987,4
1988,5
1989,30
1990,0
1991,3
1992,5
1993,31
1994,17
1995,37
1996,4
1997,32
1998,5
1999,32
2000,49
2001,21
2002,9
2003,6
2004,36
2005,52
2006,59
2007,8
2008,2
2009,6
2010,8
2011,6
2012,9
2013,23
2014,0
2015,18
2016,10
2017,24
2018,52
2019,3
2020,12
2021,8
2022,20
2023,0
2024,10
2025,27
2026,0
2027,32
2028,25
2029,1
2030,49
2031,3
2032,9
2033,0
2034,37
2035,49
2036,36
2037,27
2038,38
2039,28
2040,15
2041,0
2042,41
2043,7
2044,53
2045,5
2046,20
2047,5
2048,3
2049,0
2050,12
2051,11
2052,5
2053,44
2054,0
2055,8
2056,13
2057,17
2058,1
2059,1
2060,17
2061,8
2062,21
2063,3
2064,0
2065,54
2066,2
2067,55
2068,4
2069,26
2070,58
2071,40
2072,37
2073,13
2074,3
2075,26
2076,13
2077,48
2078,0
2079,17
2080,26
2081,6
2082,8
2083,1
2084,42
2085,19
2086,11
2087,31
2088,0
2089,16
2090,0
2091,0
2092,13
2093,1
2094,42
2095,20
2096,18
2097,55
2098,16
2099,4
2100,53
2101,6
2102,16
2103,11
2104,52
2105,25
2106,0
2107,2
2108,0
2109,44
2110,1
2111,13
2112,26
2113,39
2114,33
2115,14
2116,22
2117,0
2118,10
2119,18
2120,31
2121,25
2122,15
2123,44
2124,11
2125,7
2126,40
2127,57
2128,42
2129,1
2130,38
2131,14
2132,10
2133,19
2134,35
2135,15
2136,47
2137,0
2138,9
2139,0
2140,24
2141,23
2142,25
2143,3
2144,0
2145,18
2146,7
2147,23
2148,2
2149,8
2150,21
2151,36
2152,49
2153,46
2154,6
2155,7
2156,18
2157,39
2158,0
2159,48
2160,26
2161,20
2162,0
2163,58
2164,5
2165,8
2166,52
2167,33
2168,18
2169,12
2170,0
2171,21
2172,7
2173,5
2174,45
2175,5
2176,5
2177,4
2178,17
2179,3
2180,21
2181,15
2182,6
2183,7
2184,6
2185,3
2186,3
2187,1
2188,3
2189,0
2190,12
2191,43
2192,6
2193,10
2194,47
2195,1
2196,9
2197,49
2198,8
2199,49
2200,22
2201,1
2202,8
2203,17
2204,50
2205,21
2206,57
2207,0
2208,7
2209,7
2210,2
2211,5
2212,39
2213,8
2214,37
2215,1
2216,6
2217,14
2218,15
2219,1
2220,11
2221,7
2222,2
2223,11
2224,48
2225,1
2226,37
2227,6
2228,29
2229,1
2230,43
2231,13
2232,13
2233,0
2234,0
2235,2
2236,0
2237,38
2238,3
2239,18
2240,16
2241,50
2242,3
2243,0
2244,9
2245,3
2246,19
2247,1
2248,17
2249,12
2250,17
2251,5
2252,38
2253,7
2254,56
2255,5
2256,14
2257,9
2258,44
2259,25
2260,1
2261,3
2262,14
2263,0
2264,19
2265,7
2266,53
2267,3
2268,9
2269,1
2270,4
2271,3
2272,0
2273,19
2274,48
2275,22
2276,29
2277,11
2278,15
2279,0
2280,8
2281,2
2282,7
2283,22
2284,13
2285,1
2286,1
2287,2
2288,35
2289,23
2290,3
2291,56
2292,52
2293,14
2294,43
2295,21
2296,38
2297,0
2298,8
2299,23
2300,0
2301,10
2302,10
2303,37
2304,15
2305,6
2306,2
2307,0
2308,32
2309,15
2310,1
2311,15
2312,57
2313,0
2314,16
2315,15
2316,31
2317,8
2318,12
2319,30
2320,8
2321,39
2322,36
2323,18
2324,6
2325,15
2326,5
2327,25
2328,3
2329,5
2330,1
2331,14
2332,48
2333,44
2334,12
2335,14
2336,6
2337,8
2338,22
2339,27
2340,4
2341,3
2342,1
2343,52
2344,52
2345,50
2346,1
2347,53
2348,10
2349,41
2350,16
2351,3
2352,2
2353,4
2354,0
2355,1
2356,12
2357,13
2358,5
2359,0
2360,23
2361,16
2362,17
2363,7
2364,11
2365,30
2366,15
2367,37
2368,21
2369,23
2370,46
2371,8
2372,1
2373,17
2374,10
2375,1
2376,35
2377,0
2378,7
2379,5
2380,9
2381,38
2382,8
2383,7
2384,10
2385,0
2386,29
2387,4
2388,53
2389,22
2390,3
2391,12
2392,28
2393,0
2394,12
2395,11
2396,7
2397,8
2398,30
2399,28
2400,7
2401,48
2402,59
2403,2
2404,6
2405,2
2406,2
2407,2
2408,7
2409,26
2410,9
2411,26
2412,11
2413,56
2414,17
2415,54
2416,37
2417,23
2418,26
2419,22
2420,55
2421,55
2422,3
2423,0
2424,4
2425,33
2426,13
2427,15
2428,13
2429,58
2430,46
2431,7
2432,6
2433,1
2434,46
2435,2
2436,34
2437,48
2438,45
2439,39
2440,34
2441,0
2442,0
2443,13
2444,28
2445,3
2446,33
2447,14
2448,31
2449,43
2450,17
2451,18
2452,8
2453,26
2454,0
2455,0
2456,58
2457,11
2458,4
2459,1
2460,2
2461,0
2462,51
2463,25
2464,4
2465,25
2466,46
2467,0
2468,0
2469,21
2470,36
2471,31
2472,8
2473,29
2474,1
2475,26
2476,18
2477,0
2478,19
2479,22
2480,1
2481,1
2482,43
2483,8
2484,17
2485,16
2486,2
2487,40
2488,23
2489,22
2490,2
2491,8
2492,33
2493,0
2494,53
2495,29
2496,24
2497,7
2498,0
2499,1
2500,1
2501,7
2502,0
2503,43
2504,18
2505,37
2506,49
2507,4
2508,13
2509,0
2510,2
2511,49
2512,5
2513,8
2514,48
2515,1
2516,44
2517,9
2518,19
2519,38
2520,43
2521,7
2522,11
2523,41
2524,42
2525,15
2526,0
2527,8
2528,38
2529,17
2530,0
2531,55
2532,51
2533,39
2534,14
2535,3
2536,2
2537,52
2538,5
2539,3
2540,2
2541,46
2542,16
2543,5
2544,11
2545,22
2546,3
2547,8
2548,7
2549,7
2550,32
2551,35
2552,6
2553,1
2554,2
2555,57
2556,40
2557,29
2558,14
2559,26
2560,6
2561,53
2562,19
2563,38
2564,22
2565,0
2566,1
2567,32
2568,13
2569,5
2570,8
2571,5
2572,18
2573,3
2574,11
2575,13
2576,5
2577,34
2578,10
2579,15
2580,7
2581,0
2582,42
2583,24
2584,50
2585,5
2586,12
2587,7
2588,0
2589,22
2590,5
2591,0
2592,26
2593,22
2594,21
2595,19
2596,25
2597,18
2598,18
2599,4
2600,5
2601,26
2602,34
2603,2
2604,30
2605,49
2606,14
2607,1
2608,0
2609,3
2610,22
2611,59
2612,32
2613,22
2614,36
2615,0
2616,36
2617,13
2618,46
2619,2
2620,5
2621,39
2622,6
2623,2
2624,9
2625,0
2626,17
2627,28
2628,16
2629,26
2630,0
2631,29
2632,34
2633,5
2634,0
2635,57
2636,9
2637,28
2638,13
2639,4
2640,0
2641,42
2642,35
2643,0
2644,10
2645,55
2646,36
2647,19
2648,6
2649,6
2650,6
2651,22
2652,27
2653,31
2654,29
2655,26
2656,49
2657,1
2658,5
2659,0
2660,27
2661,7
2662,30
2663,1
2664,7
2665,13
2666,11
2667,9
2668,3
2669,53
2670,20
2671,40
2672,22
2673,29
2674,36
2675,52
2676,13
2677,4
2678,45
2679,37
2680,46
2681,0
2682,38
2683,5
2684,16
2685,0
2686,16
2687,2
2688,0
2689,15
2690,21
2691,2
2692,26
2693,55
2694,25
2695,25
2696,0
2697,1
2698,29
2699,22
2700,8
2701,5
2702,6
2703,1
2704,20
2705,12
2706,1
2707,2
2708,3
2709,40
2710,6
2711,2
2712,31
2713,19
2714,7
2715,9
2716,6
2717,38
2718,3
2719,12
2720,0
2721,9
2722,7
2723,7
2724,28
2725,48
2726,7
2727,18
2728,8
2729,17
2730,31
2731,41
2732,37
2733,9
2734,18
2735,43
2736,52
2737,0
2738,7
2739,56
2740,3
2741,31
2742,7
2743,3
2744,2
2745,8
2746,52
2747,59
2748,14
2749,23
2750,0
2751,54
2752,0
2753,53
2754,34
2755,56
2756,1
2757,14
2758,3
2759,10
2760,42
2761,1
2762,2
2763,17
2764,16
2765,38
2766,46
2767,28
2768,5
2769,1
2770,5
2771,51
2772,26
2773,22
2774,7
2775,40
2776,22
2777,47
2778,28
2779,12
2780,0
2781,1
2782,39
2783,0
2784,0
2785,9
2786,2
2787,40
2788,28
2789,20
2790,20
2791,0
2792,20
2793,3
2794,0
2795,39
2796,5
2797,5
2798,0
2799,0
2800,25
2801,17
2802,2
2803,13
2804,19
2805,26
2806,11
2807,0
2808,0
2809,18
2810,1
2811,52
2812,3
2813,22
2814,26
2815,8
2816,8
2817,0
2818,10
2819,11
2820,24
2821,48
2822,10
2823,37
2824,15
2825,3
2826,1
2827,41
2828,55
2829,1
2830,5
2831,1
2832,36
2833,10
2834,22
2835,3
2836,26
2837,4
2838,8
2839,31
2840,22
2841,0
2842,0
2843,42
2844,10
2845,40
2846,3
2847,18
2848,15
2849,8
2850,7
2851,40
2852,36
2853,54
2854,9
2855,2
2856,31
2857,0
2858,3
2859,5
2860,11
2861,27
2862,12
2863,42
2864,2
2865,38
2866,26
2867,7
2868,8
2869,16
2870,21
2871,22
2872,14
2873,30
2874,0
2875,2
2876,0
2877,4
2878,9
2879,21
2880,5
2881,18
2882,8
2883,38
2884,51
2885,18
2886,0
2887,41
2888,0
2889,0
2890,0
2891,16
2892,43
2893,24
2894,8
2895,28
2896,10
2897,18
2898,0
2899,2
2900,6
2901,2
2902,0
2903,19
2904,15
2905,41
2906,7
2907,22
2908,37
2909,1
2910,1
2911,2
2912,0
2913,11
2914,48
2915,3
2916,2
2917,7
2918,9
2919,1
2920,0
2921,56
2922,7
2923,5
2924,1
2925,13
2926,16
2927,43
2928,3
2929,37
2930,0
2931,0
2932,55
2933,7
2934,26
2935,59
2936,8
2937,13
2938,38
2939,1
2940,10
2941,47
2942,56
2943,24
2944,12
2945,15
2946,43
2947,5
2948,0
2949,33
2950,6
2951,7
2952,2
2953,18
2954,3
2955,0
2956,2
2957,14
2958,28
2959,44
2960,23
2961,51
2962,2
2963,7
2964,10
2965,0
2966,1
2967,8
2968,13
2969,3
2970,1
2971,31
2972,27
2973,14
2974,37
2975,0
2976,17
2977,22
2978,40
2979,27
2980,5
2981,3
2982,44
2983,30
2984,12
2985,4
2986,6
2987,0
2988,8
2989,29
2990,8
2991,3
2992,0
2993,18
2994,6
2995,17
2996,4
2997,6
2998,8
2999,2
3000,17
3001,7
3002,3
3003,11
3004,0
3005,27
3006,36
3007,33
3008,34
3009,0
3010,22
3011,0
3012,1
3013,2
3014,2
3015,7
3016,3
3017,37
3018,22
3019,4
3020,8
3021,7
3022,29
3023,18
3024,2
3025,6
3026,25
3027,5
3028,24
3029,0
3030,40
3031,18
3032,22
3033,0
3034,3
3035,18
3036,8
3037,32
3038,2
3039,56
3040,12
3041,3
3042,23
3043,42
3044,27
3045,0
3046,51
3047,39
3048,3
3049,16
3050,5
3051,0
3052,28
3053,34
3054,0
3055,29
3056,0
3057,6
3058,5
3059,13
3060,2
3061,4
3062,39
3063,16
3064,0
3065,36
3066,0
3067,0
3068,22
3069,48
3070,48
3071,31
3072,7
3073,12
3074,26
3075,33
3076,29
3077,16
3078,20
3079,0
3080,18
3081,18
3082,44
3083,30
3084,36
3085,5
3086,31
3087,44
3088,33
3089,8
3090,56
3091,16
3092,20
3093,5
3094,0
3095,6
3096,3
3097,34
3098,0
3099,17
3100,33
3101,8
3102,17
3103,35
3104,27
3105,22
3106,1
3107,0
3108,5
3109,8
3110,0
3111,0
3112,14
3113,0
3114,8
3115,53
3116,0
3117,10
3118,31
3119,39
3120,49
3121,7
3122,56
3123,41
3124,8
3125,27
3126,4
3127,0
3128,5
3129,5
3130,0
3131,57
3132,9
3133,0
3134,0
3135,0
3136,2
3137,3
3138,37
3139,37
3140,0
3141,2
3142,19
3143,33
3144,36
3145,6
3146,30
3147,30
3148,29
3149,6
3150,17
3151,10
3152,40
3153,30
3154,5
3155,2
3156,20
3157,26
3158,0
3159,26
3160,28
3161,25
3162,8
3163,13
3164,5
3165,0
3166,27
3167,40
3168,0
3169,32
3170,2
3171,1
3172,12
3173,37
3174,6
3175,0
3176,36
3177,32
3178,4
3179,2
3180,31
3181,36
3182,0
3183,54
3184,18
3185,0
3186,56
3187,1
3188,0
3189,33
3190,12
3191,1
3192,16
3193,7
3194,32
3195,38
3196,41
3197,32
3198,2
3199,17
3200,26
3201,15
3202,28
3203,10
3204,12
3205,12
3206,57
3207,21
3208,8
3209,0
3210,6
3211,26
3212,23
3213,55
3214,11
3215,5
3216,1
3217,35
3218,1
3219,52
3220,17
3221,1
3222,48
3223,29
3224,22
3225,48
3226,29
3227,40
3228,8
3229,9
3230,47
3231,36
3232,7
3233,32
3234,11
3235,50
3236,8
3237,52
3238,25
3239,49
3240,19
3241,1
3242,7
3243,51
3244,2
3245,31
3246,25
3247,4
3248,0
3249,31
3250,1
3251,0
3252,12
3253,25
3254,56
3255,59
3256,3
3257,32
3258,0
3259,1
3260,10
3261,38
3262,7
3263,10
3264,5
3265,25
3266,1
3267,41
3268,10
3269,5
3270,28
3271,10
3272,39
3273,13
3274,36
3275,6
3276,0
3277,12
3278,29
3279,53
3280,11
3281,58
3282,1
3283,34
3284,1
3285,14
3286,5
3287,15
3288,22
3289,16
3290,48
3291,21
3292,2
3293,3
3294,51
3295,15
3296,8
3297,14
3298,0
3299,8
3300,2
3301,17
3302,3
3303,26
3304,1
3305,53
3306,13
3307,28
3308,7
3309,12
3310,6
3311,4
3312,17
3313,4
3314,19
3315,0
3316,51
3317,2
3318,21
3319,28
3320,8
3321,6
3322,0
3323,6
3324,9
3325,16
3326,1
3327,32
3328,21
3329,13
3330,54
3331,41
3332,16
3333,15
3334,19
3335,1
3336,7
3337,11
3338,50
3339,5
3340,3
3341,0
3342,0
3343,48
3344,22
3345,17
3346,3
3347,9
3348,5
3349,50
3350,0
3351,8
3352,1
3353,0
3354,0
3355,2
3356,1
3357,6
3358,39
3359,6
3360,18
3361,15
3362,11
3363,15
3364,0
3365,8
3366,53
3367,24
3368,0
3369,7
3370,9
3371,8
3372,19
3373,51
3374,3
3375,25
3376,12
3377,27
3378,14
3379,6
3380,4
3381,1
3382,18
3383,18
3384,9
3385,13
3386,22
3387,38
3388,0
3389,14
3390,26
3391,38
3392,1
3393,0
3394,3
3395,4
3396,33
3397,1
3398,5
3399,1
3400,58
3401,14
3402,0
3403,0
3404,2
3405,21
3406,17
3407,5
3408,6
3409,11
3410,14
3411,26
3412,0
3413,13
3414,12
3415,2
3416,5
3417,32
3418,51
3419,25
3420,38
3421,21
3422,10
3423,7
3424,2
3425,34
3426,17
3427,7
3428,13
3429,9
3430,27
3431,0
3432,5
3433,22
3434,10
3435,15
3436,24
3437,12
3438,26
3439,8
3440,23
3441,29
3442,33
3443,25
3444,52
3445,29
3446,0
3447,38
3448,10
3449,5
3450,24
3451,8
3452,47
3453,0
3454,15
3455,9
3456,2
3457,4
3458,33
3459,1
3460,55
3461,28
3462,0
3463,20
3464,31
3465,9
3466,2
3467,2
3468,8
3469,3
3470,28
3471,40
3472,3
3473,0
3474,10
3475,15
3476,34
3477,5
3478,58
3479,51
3480,7
3481,0
3482,7
3483,9
3484,12
3485,51
3486,12
3487,3
3488,16
3489,42
3490,0
3491,30
3492,5
3493,0
3494,18
3495,3
3496,27
3497,11
3498,0
3499,17
3500,53
3501,8
3502,7
3503,4
3504,34
3505,27
3506,0
3507,1
3508,47
3509,0
3510,9
3511,22
3512,3
3513,13
3514,47
3515,6
3516,0
3517,3
3518,8
3519,8
3520,19
3521,22
3522,44
3523,15
3524,21
3525,0
3526,41
3527,1
3528,3
3529,30
3530,13
3531,34
3532,10
3533,1
3534,7
3535,2
3536,0
3537,3
3538,3
3539,16
3540,9
3541,17
3542,5
3543,3
3544,9
3545,17
3546,56
3547,6
3548,55
3549,35
3550,12
3551,2
3552,8
3553,4
3554,36
3555,9
3556,43
3557,7
3558,27
3559,12
3560,5
3561,4
3562,2
3563,36
3564,37
3565,11
3566,1
3567,23
3568,5
3569,22
3570,1
3571,3
3572,0
3573,53
3574,31
3575,16
3576,1
3577,17
3578,18
3579,26
3580,19
3581,20
3582,11
3583,12
3584,0
3585,2
3586,12
3587,27
3588,39
3589,26
3590,43
3591,30
3592,26
3593,5
3594,25
3595,8
3596,22
3597,3
3598,10
3599,8
3600,7
3601,15
3602,3
3603,13
3604,6
3605,55
3606,58
3607,8
3608,20
3609,31
3610,1
3611,5
3612,14
3613,38
3614,8
3615,37
3616,19
3617,16
3618,4
3619,30
3620,8
3621,7
3622,4
3623,0
3624,52
3625,31
3626,5
3627,0
3628,28
3629,26
3630,17
3631,21
3632,8
3633,18
3634,6
3635,11
3636,25
3637,20
3638,3
3639,0
3640,34
3641,20
3642,49
3643,42
3644,6
3645,55
3646,56
3647,39
3648,9
3649,9
3650,33
3651,19
3652,15
3653,3
3654,17
3655,0
3656,1
3657,27
3658,5
3659,53
3660,45
3661,23
3662,46
3663,18
3664,6
3665,11
3666,1
3667,5
3668,32
3669,6
3670,3
3671,52
3672,9
3673,0
3674,5
3675,31
3676,44
3677,5
3678,19
3679,58
3680,20
3681,28
3682,10
3683,0
3684,9
3685,1
3686,26
3687,8
3688,23
3689,1
3690,45
3691,37
3692,1
3693,12
3694,28
3695,57
3696,6
3697,41
3698,6
3699,20
3700,21
3701,24
3702,0
3703,5
3704,3
3705,42
3706,5
3707,27
3708,2
3709,2
3710,39
3711,41
3712,2
3713,3
3714,34
3715,40
3716,49
3717,8
3718,54
3719,0
3720,7
3721,23
3722,26
3723,26
3724,0
3725,1
3726,28
3727,6
3728,0
3729,56
3730,39
3731,34
3732,39
3733,6
3734,0
3735,7
3736,1
3737,8
3738,9
3739,0
3740,6
3741,0
3742,1
3743,13
3744,9
3745,57
3746,19
3747,38
3748,0
3749,8
3750,14
3751,9
3752,31
3753,0
3754,44
3755,46
3756,9
3757,16
3758,42
3759,3
3760,17
3761,0
3762,0
3763,5
3764,5
3765,27
3766,52
3767,3
3768,18
3769,12
3770,33
3771,27
3772,7
3773,32
3774,6
3775,58
3776,3
3777,18
3778,7
3779,3
3780,59
3781,28
3782,58
3783,3
3784,0
3785,15
3786,19
3787,58
3788,0
3789,49
3790,57
3791,9
3792,10
3793,35
3794,1
3795,4
3796,6
3797,9
3798,0
3799,2
3800,33
3801,1
3802,42
3803,3
3804,13
3805,22
3806,17
3807,15
3808,0
3809,57
3810,36
3811,6
3812,59
3813,52
3814,18
3815,0
3816,1
3817,8
3818,5
3819,22
3820,4
3821,7
3822,38
3823,3
3824,0
3825,53
3826,5
3827,1
3828,1
3829,18
3830,18
3831,10
3832,0
3833,15
3834,26
3835,10
3836,33
3837,3
3838,55
3839,6
3840,2
3841,7
3842,8
3843,14
3844,40
3845,0
3846,2
3847,29
3848,3
3849,34
3850,27
3851,9
3852,8
3853,13
3854,0
3855,10
3856,5
3857,4
3858,5
3859,26
3860,0
3861,8
3862,1
3863,3
3864,49
3865,47
3866,45
3867,5
3868,17
3869,52
3870,56
3871,1
3872,8
3873,3
3874,1
3875,30
3876,10
3877,6
3878,5
3879,0
3880,24
3881,1
3882,19
3883,25
3884,7
3885,18
3886,0
3887,2
3888,40
3889,32
3890,15
3891,12
3892,6
3893,2
3894,1
3895,15
3896,59
3897,49
3898,0
3899,8
3900,6
3901,44
3902,0
3903,18
3904,4
3905,0
3906,22
3907,42
3908,18
3909,53
3910,35
3911,9
3912,0
3913,1
3914,6
3915,50
3916,1
3917,22
3918,2
3919,57
3920,5
3921,14
3922,7
3923,48
3924,6
3925,5
3926,12
3927,19
3928,14
3929,14
3930,3
3931,19
3932,4
3933,51
3934,57
3935,9
3936,1
3937,6
3938,14
3939,11
3940,5
3941,34
3942,6
3943,9
3944,2
3945,11
3946,0
3947,24
3948,0
3949,31
3950,2
3951,10
3952,0
3953,0
3954,23
3955,31
3956,20
3957,29
3958,42
3959,1
3960,31
3961,14
3962,40
3963,37
3964,2
3965,1
3966,27
3967,9
3968,7
3969,4
3970,9
3971,5
3972,19
3973,18
3974,23
3975,39
3976,16
3977,12
3978,18
3979,10
3980,22
3981,22
3982,1
3983,14
3984,2
3985,32
3986,45
3987,32
3988,6
3989,57
3990,8
3991,0
3992,19
3993,42
3994,36
3995,0
3996,10
3997,0
3998,21
3999,6
4000,42
4001,48
4002,47
4003,37
4004,1
4005,54
4006,0
4007,8
4008,30
4009,6
4010,42
4011,10
4012,52
4013,2
4014,42
4015,0
4016,3
4017,31
4018,35
4019,2
4020,26
4021,16
4022,1
4023,21
4024,3
4025,0
4026,0
4027,6
4028,11
4029,0
4030,18
4031,18
4032,0
4033,8
4034,26
4035,3
4036,0
4037,6
4038,1
4039,33
4040,2
4041,43
4042,9
4043,0
4044,12
4045,45
4046,8
4047,35
4048,26
4049,44
4050,6
4051,25
4052,0
4053,4
4054,2
4055,12
4056,8
4057,43
4058,1
4059,36
4060,0
4061,1
4062,13
4063,5
4064,33
4065,9
4066,0
4067,3
4068,10
4069,15
4070,12
4071,0
4072,31
4073,46
4074,51
4075,19
4076,15
4077,43
4078,26
4079,6
4080,2
4081,20
4082,49
4083,8
4084,18
4085,39
4086,16
4087,31
4088,52
4089,49
4090,47
4091,8
4092,48
4093,2
4094,6
4095,1
4096,0
4097,24
4098,21
4099,0
4100,1
4101,36
4102,11
4103,4
4104,1
4105,18
4106,28
4107,2
4108,6
4109,18
4110,15
4111,15
4112,15
4113,14
4114,3
4115,6
4116,28
4117,11
4118,16
4119,46
4120,3
4121,39
4122,40
4123,5
4124,18
4125,2
4126,0
4127,42
4128,13
4129,10
4130,5
4131,12
4132,6
4133,1
4134,26
4135,42
4136,18
4137,24
4138,59
4139,28
4140,5
4141,25
4142,0
4143,49
4144,18
4145,10
4146,3
4147,0
4148,8
4149,0
4150,52
4151,0
4152,25
4153,20
4154,5
4155,16
4156,7
4157,19
4158,6
4159,18
4160,19
4161,40
4162,40
4163,22
4164,59
4165,3
4166,14
4167,9
4168,13
4169,11
4170,0
4171,29
4172,7
4173,29
4174,48
4175,7
4176,32
4177,29
4178,12
4179,7
4180,35
4181,4
4182,34
4183,2
4184,1
4185,8
4186,57
4187,1
4188,37
4189,56
4190,38
4191,10
4192,12
4193,8
4194,2
4195,6
4196,32
4197,19
4198,48
4199,49
4200,18
4201,18
4202,0
4203,58
4204,34
4205,0
4206,10
4207,9
4208,5
4209,0
4210,9
4211,2
4212,54
4213,1
4214,6
4215,8
4216,41
4217,1
4218,4
4219,3
4220,4
4221,12
4222,15
4223,51
4224,0
4225,7
4226,0
4227,4
4228,36
4229,11
4230,0
4231,22
4232,15
4233,33
4234,34
4235,44
4236,8
4237,1
4238,30
4239,4
4240,2
4241,0
4242,47
4243,51
4244,7
4245,13
4246,35
4247,28
4248,0
4249,16
4250,30
4251,0
4252,7
4253,27
4254,16
4255,32
4256,0
4257,39
4258,22
4259,11
4260,15
4261,4
4262,40
4263,15
4264,19
4265,40
4266,10
4267,8
4268,2
4269,0
4270,7
4271,12
4272,34
4273,7
4274,6
4275,0
4276,9
4277,22
4278,12
4279,11
4280,7
4281,55
4282,18
4283,19
4284,17
4285,25
4286,0
4287,42
4288,30
4289,3
4290,54
4291,7
4292,23
4293,3
4294,13
4295,59
4296,20
4297,4
4298,2
4299,47
4300,5
4301,3
4302,4
4303,9
4304,36
4305,9
4306,6
4307,50
4308,7
4309,0
4310,47
4311,51
4312,0
4313,1
4314,58
4315,41
4316,12
4317,19
4318,19
4319,6
4320,11
4321,3
4322,31
4323,10
4324,12
4325,18
4326,41
4327,5
4328,0
4329,6
4330,58
4331,37
4332,43
4333,3
4334,43
4335,6
4336,6
4337,25
4338,9
4339,23
4340,23
4341,16
4342,47
4343,1
4344,13
4345,30
4346,15
4347,11
4348,26
4349,32
4350,4
4351,41
4352,4
4353,1
4354,0
4355,22
4356,42
4357,0
4358,1
4359,19
4360,23
4361,56
4362,5
4363,47
4364,23
4365,0
4366,56
4367,0
4368,39
4369,0
4370,15
4371,10
4372,43
4373,0
4374,40
4375,11
4376,50
4377,29
4378,15
4379,8
4380,14
4381,46
4382,3
4383,57
4384,37
4385,1
4386,16
4387,0
4388,20
4389,20
4390,3
4391,50
4392,6
4393,12
4394,39
4395,5
4396,8
4397,9
4398,24
4399,2
4400,28
4401,1
4402,6
4403,0
4404,3
4405,3
4406,7
4407,3
4408,0
4409,54
4410,23
4411,24
4412,1
4413,0
4414,44
4415,0
4416,7
4417,41
4418,17
4419,4
4420,49
4421,4
4422,0
4423,4
4424,32
4425,26
4426,3
4427,1
4428,26
4429,36
4430,27
4431,14
4432,8
4433,49
4434,34
4435,16
4436,21
4437,22
4438,33
4439,47
4440,6
4441,5
4442,13
4443,26
4444,44
4445,14
4446,3
4447,38
4448,20
4449,13
4450,3
4451,43
4452,3
4453,12
4454,27
4455,35
4456,31
4457,13
4458,17
4459,2
4460,51
4461,57
4462,2
4463,2
4464,1
4465,52
4466,14
4467,31
4468,18
4469,2
4470,17
4471,0
4472,0
4473,0
4474,4
4475,3
4476,15
4477,7
4478,0
4479,0
4480,27
4481,3
4482,16
4483,25
4484,2
4485,5
4486,46
4487,3
4488,8
4489,29
4490,9
4491,42
4492,0
4493,17
4494,30
4495,17
4496,45
4497,5
4498,0
4499,40
4500,45
4501,6
4502,6
4503,0
4504,18
4505,4
4506,6
4507,2
4508,20
4509,12
4510,34
4511,28
4512,7
4513,29
4514,3
4515,2
4516,24
4517,0
4518,55
4519,24
4520,0
4521,6
4522,19
4523,34
4524,6
4525,39
4526,30
4527,2
4528,0
4529,0
4530,8
4531,0
4532,6
4533,2
4534,18
4535,29
4536,14
4537,2
4538,2
4539,13
4540,5
4541,3
4542,7
4543,32
4544,1
4545,18
4546,6
4547,8
4548,0
4549,18
4550,10
4551,54
4552,10
4553,0
4554,2
4555,17
4556,9
4557,13
4558,1
4559,0
4560,11
4561,4
4562,22
4563,14
4564,3
4565,0
4566,25
4567,14
4568,1
4569,22
4570,5
4571,18
4572,37
4573,9
4574,0
4575,1
4576,7
4577,7
4578,14
4579,18
4580,0
4581,0
4582,2
4583,17
4584,43
4585,6
4586,22
4587,35
4588,37
4589,21
4590,26
4591,26
4592,36
4593,55
4594,48
4595,5
4596,27
4597,2
4598,4
4599,2
4600,29
4601,9
4602,58
4603,1
4604,1
4605,30
4606,6
4607,9
4608,11
4609,8
4610,0
4611,0
4612,0
4613,3
4614,28
4615,16
4616,36
4617,16
4618,42
4619,0
4620,3
4621,52
4622,51
4623,12
4624,7
4625,2
4626,0
4627,21
4628,55
4629,31
4630,7
4631,11
4632,6
4633,52
4634,10
4635,15
4636,31
4637,33
4638,22
4639,41
4640,16
4641,1
4642,13
4643,40
4644,13
4645,19
4646,36
4647,29
4648,57
4649,2
4650,25
4651,25
4652,17
4653,5
4654,7
4655,14
4656,0
4657,15
4658,43
4659,20
4660,0
4661,0
4662,6
4663,12
4664,6
4665,44
4666,18
4667,55
4668,1
4669,3
4670,20
4671,3
4672,49
4673,7
4674,19
4675,16
4676,0
4677,19
4678,12
4679,9
4680,25
4681,0
4682,23
4683,1
4684,19
4685,3
4686,13
4687,44
4688,0
4689,27
4690,22
4691,18
4692,3
4693,53
4694,0
4695,38
4696,6
4697,17
4698,21
4699,40
4700,0
4701,5
4702,0
4703,16
4704,25
4705,37
4706,22
4707,0
4708,36
4709,46
4710,29
4711,22
4712,59
4713,6
4714,1
4715,3
4716,0
4717,27
4718,8
4719,7
4720,0
4721,31
4722,21
4723,5
4724,19
4725,16
4726,24
4727,57
4728,20
4729,29
4730,40
4731,46
4732,48
4733,17
4734,0
4735,16
4736,24
4737,39
4738,4
4739,37
4740,0
4741,42
4742,6
4743,27
4744,0
4745,56
4746,11
4747,6
4748,51
4749,3
4750,47
4751,6
4752,0
4753,25
4754,17
4755,6
4756,37
4757,0
4758,33
4759,3
4760,0
4761,13
4762,16
4763,17
4764,0
4765,3
4766,11
4767,32
4768,0
4769,0
4770,1
4771,39
4772,53
4773,55
4774,6
4775,7
4776,22
4777,10
4778,0
4779,3
4780,2
4781,11
4782,15
4783,7
4784,1
4785,6
4786,26
4787,3
4788,39
4789,22
4790,1
4791,6
4792,15
4793,3
4794,52
4795,3
4796,19
4797,42
4798,3
4799,11
4800,15
4801,27
4802,42
4803,19
4804,43
4805,1
4806,16
4807,8
4808,44
4809,3
4810,19
4811,29
4812,33
4813,13
4814,1
4815,1
4816,18
4817,41
4818,8
4819,18
4820,42
4821,0
4822,19
4823,10
4824,33
4825,5
4826,43
4827,43
4828,17
4829,14
4830,5
4831,20
4832,40
4833,27
4834,0
4835,24
4836,5
4837,3
4838,12
4839,4
4840,28
4841,39
4842,47
4843,0
4844,2
4845,38
4846,20
4847,9
4848,13
4849,14
4850,49
4851,0
4852,18
4853,45
4854,7
4855,14
4856,8
4857,39
4858,6
4859,14
4860,39
4861,0
4862,2
4863,54
4864,29
4865,52
4866,5
4867,51
4868,5
4869,9
4870,0
4871,46
4872,11
4873,54
4874,0
4875,7
4876,31
4877,3
4878,9
4879,8
4880,44
4881,13
4882,0
4883,2
4884,52
4885,23
4886,43
4887,23
4888,8
4889,1
4890,6
4891,49
4892,12
4893,9
4894,7
4895,3
4896,42
4897,4
4898,17
4899,2
4900,29
4901,21
4902,2
4903,32
4904,7
4905,1
4906,9
4907,41
4908,41
4909,0
4910,32
4911,17
4912,4
4913,50
4914,5
4915,28
4916,8
4917,10
4918,5
4919,36
4920,1
4921,20
4922,32
4923,34
4924,0
4925,2
4926,24
4927,1
4928,49
4929,3
4930,2
4931,19
4932,4
4933,37
4934,0
4935,8
4936,32
4937,39
4938,46
4939,9
4940,56
4941,0
4942,12
4943,57
4944,0
4945,46
4946,7
4947,12
4948,35
4949,0
4950,0
4951,8
4952,46
4953,0
4954,42
4955,6
4956,3
4957,3
4958,0
4959,26
4960,32
4961,2
4962,23
4963,46
4964,59
4965,18
4966,0
4967,57
4968,19
4969,28
4970,6
4971,9
4972,2
4973,3
4974,0
4975,8
4976,35
4977,43
4978,16
4979,53
4980,14
4981,38
4982,5
4983,4
4984,3
4985,2
4986,7
4987,8
4988,55
4989,47
4990,2
4991,3
4992,8
4993,10
4994,30
4995,0
4996,18
4997,5
4998,0
4999,20
5000,2
5001,4
5002,26
5003,33
5004,21
5005,49
5006,59
5007,42
5008,26
5009,12
5010,5
5011,11
5012,6
5013,14
5014,32
5015,21
5016,16
5017,0
5018,56
5019,1
5020,7
5021,44
5022,10
5023,48
5024,0
5025,19
5026,0
5027,3
5028,8
5029,44
5030,40
5031,46
5032,52
5033,36
5034,26
5035,12
5036,2
5037,26
5038,26
5039,0
5040,13
5041,40
5042,14
5043,5
5044,0
5045,1
5046,13
5047,10
5048,14
5049,21
5050,4
5051,11
5052,39
5053,10
5054,8
5055,43
5056,0
5057,8
5058,26
5059,0
5060,21
5061,12
5062,4
5063,7
5064,0
5065,5
5066,52
5067,37
5068,0
5069,7
5070,2
5071,17
5072,37
5073,4
5074,19
5075,7
5076,26
5077,22
5078,1
5079,3
5080,0
5081,46
5082,12
5083,18
5084,0
5085,46
5086,0
5087,2
5088,8
5089,10
5090,33
5091,6
5092,9
5093,4
5094,15
5095,18
5096,22
5097,2
5098,31
5099,31
5100,8
5101,42
5102,26
5103,13
5104,26
5105,26
5106,3
5107,7
5108,10
5109,6
5110,41
5111,35
5112,7
5113,37
5114,8
5115,32
5116,7
5117,52
5118,27
5119,36
5120,41
5121,22
5122,27
5123,0
5124,0
5125,12
5126,53
5127,3
5128,5
5129,3
5130,3
5131,10
5132,7
5133,5
5134,1
5135,20
5136,17
5137,13
5138,22
5139,59
5140,27
5141,1
5142,10
5143,9
5144,3
5145,0
5146,12
5147,2
5148,46
5149,26
5150,32
5151,1
5152,0
5153,3
5154,11
5155,0
5156,7
5157,6
5158,4
5159,0
5160,2
5161,13
5162,0
5163,0
5164,28
5165,2
5166,29
5167,28
5168,2
5169,6
5170,16
5171,25
5172,14
5173,19
5174,8
5175,0
5176,14
5177,22
5178,39
5179,3
5180,9
5181,1
5182,15
5183,26
5184,33
5185,18
5186,3
5187,14
5188,2
5189,44
5190,25
5191,2
5192,36
5193,0
5194,26
5195,3
5196,1
5197,46
5198,1
5199,39
5200,10
5201,36
5202,0
5203,6
5204,46
5205,2
5206,0
5207,7
5208,0
5209,0
5210,42
5211,51
5212,43
5213,5
5214,48
5215,31
5216,16
5217,29
5218,39
5219,13
5220,53
5221,7
5222,27
5223,58
5224,8
5225,21
5226,1
5227,9
5228,6
5229,0
5230,29
5231,38
5232,15
5233,27
5234,24
5235,16
5236,1
5237,31
5238,7
5239,23
5240,12
5241,14
5242,17
5243,24
5244,48
5245,58
5246,42
5247,54
5248,0
5249,18
5250,34
5251,16
5252,5
5253,0
5254,6
5255,36
5256,11
5257,28
5258,5
5259,3
5260,9
5261,49
5262,9
5263,28
5264,7
5265,4
5266,48
5267,0
5268,41
5269,23
5270,18
5271,8
5272,28
5273,27
5274,34
5275,11
5276,4
5277,6
5278,57
5279,46
5280,56
5281,12
5282,18
5283,46
5284,14
5285,1
5286,6
5287,14
5288,31
5289,20
5290,0
5291,15
5292,8
5293,5
5294,0
5295,32
5296,10
5297,6
5298,8
5299,34
5300,33
5301,26
5302,3
5303,59
5304,13
5305,26
5306,40
5307,41
5308,3
5309,11
5310,14
5311,1
5312,41
5313,3
5314,18
5315,1
5316,9
5317,38
5318,19
5319,3
5320,8
5321,0
5322,8
5323,1
5324,28
5325,0
5326,10
5327,21
5328,7
5329,43
5330,3
5331,37
5332,46
5333,47
5334,38
5335,8
5336,0
5337,20
5338,3
5339,8
5340,27
5341,10
5342,37
5343,7
5344,6
5345,5
5346,33
5347,11
5348,2
5349,0
5350,48
5351,16
5352,8
5353,49
5354,8
5355,2
5356,17
5357,21
5358,54
5359,34
5360,2
5361,27
5362,27
5363,0
5364,1
5365,6
5366,7
5367,55
5368,29
5369,1
5370,3
5371,25
5372,18
5373,7
5374,42
5375,20
5376,14
5377,2
5378,53
5379,0
5380,17
5381,6
5382,13
5383,42
5384,0
5385,19
5386,18
5387,13
5388,0
5389,28
5390,1
5391,0
5392,40
5393,0
5394,7
5395,46
5396,2
5397,2
5398,8
5399,19
5400,6
5401,30
5402,0
5403,28
5404,12
5405,35
5406,6
5407,0
5408,18
5409,32
5410,0
5411,28
5412,7
5413,1
5414,25
5415,57
5416,40
5417,1
5418,8
5419,2
5420,2
5421,28
5422,26
5423,9
5424,0
5425,0
5426,0
5427,6
5428,11
5429,0
5430,43
5431,41
5432,1
5433,3
5434,0
5435,47
5436,44
5437,22
5438,0
5439,52
5440,0
5441,13
5442,58
5443,10
5444,47
5445,23
5446,18
5447,0
5448,9
5449,17
5450,19
5451,2
5452,21
5453,26
5454,1
5455,26
5456,46
5457,15
5458,19
5459,9
5460,12
5461,14
5462,38
5463,9
5464,0
5465,0
5466,3
5467,24
5468,1
5469,1
5470,29
5471,9
5472,25
5473,0
5474,49
5475,13
5476,56
5477,9
5478,2
5479,38
5480,19
5481,56
5482,5
5483,7
5484,10
5485,7
5486,3
5487,11
5488,18
5489,14
5490,22
5491,18
5492,49
5493,4
5494,48
5495,2
5496,6
5497,24
5498,8
5499,0
5500,0
5501,19
5502,28
5503,6
5504,1
5505,4
5506,20
5507,35
5508,0
5509,1
5510,3
5511,4
5512,0
5513,7
5514,54
5515,0
5516,16
5517,6
5518,4
5519,48
5520,14
5521,0
5522,57
5523,0
5524,4
5525,25
5526,18
5527,30
5528,31
5529,0
5530,6
5531,31
5532,16
5533,9
5534,40
5535,6
5536,17
5537,25
5538,23
5539,5
5540,39
5541,3
5542,24
5543,0
5544,6
5545,51
5546,6
5547,2
5548,11
5549,41
5550,38
5551,26
5552,3
5553,17
5554,5
5555,46
5556,5
5557,8
5558,4
5559,0
5560,15
5561,1
5562,36
5563,12
5564,33
5565,2
5566,4
5567,2
5568,10
5569,6
5570,0
5571,15
5572,31
5573,29
5574,0
5575,33
5576,0
5577,39
5578,22
5579,9
5580,24
5581,5
5582,51
5583,7
5584,2
5585,27
5586,0
5587,30
5588,32
5589,5
5590,46
5591,39
5592,15
5593,0
5594,16
5595,10
5596,32
5597,46
5598,14
5599,1
5600,12
5601,58
5602,9
5603,6
5604,53
5605,13
5606,1
5607,5
5608,1
5609,29
5610,2
5611,20
5612,13
5613,38
5614,43
5615,51
5616,30
5617,17
5618,14
5619,41
5620,9
5621,10
5622,7
5623,34
5624,3
5625,0
5626,5
5627,4
5628,51
5629,56
5630,22
5631,7
5632,7
5633,12
5634,49
5635,0
5636,3
5637,26
5638,5
5639,0
5640,47
5641,29
5642,3
5643,20
5644,5
5645,14
5646,33
5647,0
5648,5
5649,2
5650,32
5651,53
5652,0
5653,14
5654,52
5655,4
5656,36
5657,3
5658,1
5659,6
5660,13
5661,1
5662,0
5663,20
5664,5
5665,12
5666,6
5667,6
5668,13
5669,10
5670,1
5671,4
5672,18
5673,11
5674,44
5675,5
5676,15
5677,17
5678,19
5679,17
5680,0
5681,6
5682,1
5683,1
5684,9
5685,3
5686,14
5687,18
5688,26
5689,38
5690,20
5691,0
5692,5
5693,9
5694,23
5695,44
5696,56
5697,6
5698,0
5699,3
5700,7
5701,53
5702,55
5703,12
5704,41
5705,37
5706,14
5707,34
5708,47
5709,26
5710,25
5711,3
5712,0
5713,38
5714,3
5715,3
5716,48
5717,1
5718,5
5719,10
5720,28
5721,40
5722,8
5723,4
5724,6
5725,0
5726,49
5727,49
5728,14
5729,7
5730,53
5731,23
5732,18
5733,16
5734,2
5735,1
5736,0
5737,47
5738,5
5739,26
5740,0
5741,9
5742,49
5743,12
5744,0
5745,40
5746,48
5747,38
5748,9
5749,10
5750,25
5751,30
5752,51
5753,11
5754,34
5755,14
5756,7
5757,19
5758,14
5759,14
5760,0
5761,58
5762,9
5763,16
5764,1
5765,8
5766,58
5767,10
5768,5
5769,56
5770,2
5771,11
5772,16
5773,28
5774,51
5775,0
5776,9
5777,20
5778,47
5779,22
5780,4
5781,8
5782,9
5783,55
5784,9
5785,1
5786,42
5787,51
5788,25
5789,18
5790,9
5791,1
5792,1
5793,38
5794,7
5795,1
5796,35
5797,36
5798,37
5799,37
5800,25
5801,33
5802,22
5803,5
5804,48
5805,6
5806,7
5807,3
5808,0
5809,32
5810,51
5811,0
5812,6
5813,1
5814,17
5815,0
5816,1
5817,25
5818,8
5819,1
5820,33
5821,18
5822,45
5823,0
5824,19
5825,1
5826,0
5827,0
5828,12
5829,9
5830,56
5831,42
5832,53
5833,26
5834,15
5835,8
5836,12
5837,17
5838,19
5839,57
5840,15
5841,22
5842,3
5843,11
5844,1
5845,50
5846,0
5847,32
5848,0
5849,0
5850,8
5851,27
5852,37
5853,0
5854,11
5855,3
5856,22
5857,18
5858,42
5859,5
5860,5
5861,52
5862,0
5863,5
5864,32
5865,53
5866,4
5867,3
5868,0
5869,48
5870,7
5871,29
5872,10
5873,16
5874,16
5875,6
5876,3
5877,30
5878,0
5879,9
5880,22
5881,49
5882,9
5883,0
5884,13
5885,3
5886,0
5887,5
5888,49
5889,56
5890,28
5891,17
5892,8
5893,9
5894,2
5895,5
5896,43
5897,19
5898,3
5899,0
5900,52
5901,6
5902,0
5903,0
5904,20
5905,29
5906,0
5907,22
5908,19
5909,22
5910,36
5911,1
5912,11
5913,33
5914,3
5915,11
5916,1
5917,15
5918,38
5919,13
5920,44
5921,28
5922,8
5923,23
5924,51
5925,45
5926,6
5927,20
5928,28
5929,16
5930,0
5931,14
5932,2
5933,56
5934,20
5935,1
5936,44
5937,37
5938,4
5939,18
5940,11
5941,0
5942,51
5943,23
5944,10
5945,15
5946,24
5947,6
5948,20
5949,21
5950,0
5951,26
5952,57
5953,1
5954,33
5955,21
5956,46
5957,0
5958,8
5959,6
5960,13
5961,8
5962,26
5963,27
5964,22
5965,6
5966,7
5967,13
5968,13
5969,4
5970,52
5971,4
5972,38
5973,41
5974,0
5975,13
5976,1
5977,17
5978,56
5979,49
5980,34
5981,0
5982,56
5983,3
5984,55
5985,0
5986,17
5987,21
5988,9
5989,5
5990,14
5991,0
5992,10
5993,8
5994,35
5995,36
5996,51
5997,6
5998,27
5999,0
6000,36
6001,9
6002,13
6003,2
6004,11
6005,27
6006,0
6007,46
6008,0
6009,53
6010,6
6011,20
6012,33
6013,8
6014,56
6015,54
6016,0
6017,33
6018,6
6019,0
6020,0
6021,6
6022,51
6023,0
6024,8
6025,52
6026,16
6027,10
6028,57
6029,12
6030,17
6031,21
6032,59
6033,22
6034,9
6035,19
6036,6
6037,8
6038,29
6039,57
6040,2
6041,21
6042,32
6043,14
6044,13
6045,0
6046,16
6047,53
6048,36
6049,1
6050,19
6051,1
6052,34
6053,31
6054,10
6055,0
6056,13
6057,1
6058,16
6059,24
6060,40
6061,8
6062,0
6063,55
6064,3
6065,1
6066,5
6067,6
6068,7
6069,7
6070,31
6071,2
6072,9
6073,13
6074,1
6075,5
6076,8
6077,24
6078,8
6079,2
6080,9
6081,18
6082,2
6083,0
6084,39
6085,24
6086,22
6087,26
6088,1
6089,53
6090,5
6091,7
6092,33
6093,38
6094,5
6095,42
6096,24
6097,9
6098,1
6099,4
6100,16
6101,1
6102,22
6103,8
6104,46
6105,6
6106,16
6107,20
6108,0
6109,9
6110,38
6111,27
6112,17
6113,8
6114,8
6115,0
6116,5
6117,16
6118,7
6119,5
6120,7
6121,4
6122,7
6123,0
6124,2
6125,40
6126,32
6127,44
6128,6
6129,1
6130,18
6131,0
6132,25
6133,1
6134,3
6135,49
6136,42
6137,43
6138,15
6139,20
6140,32
6141,1
6142,25
6143,13
6144,0
6145,51
6146,9
6147,31
6148,0
6149,59
6150,8
6151,29
6152,49
6153,1
6154,19
6155,1
6156,4
6157,26
6158,1
6159,14
6160,7
6161,3
6162,34
6163,59
6164,2
6165,24
6166,7
6167,36
6168,29
6169,0
6170,3
6171,29
6172,8
6173,7
6174,41
6175,3
6176,7
6177,0
6178,42
6179,35
6180,3
6181,51
6182,7
6183,0
6184,18
6185,2
6186,59
6187,22
6188,59
6189,47
6190,0
6191,3
6192,20
6193,2
6194,23
6195,15
6196,0
6197,17
6198,38
6199,34
6200,1
6201,5
6202,9
6203,5
6204,2
6205,0
6206,21
6207,4
6208,9
6209,54
6210,6
6211,40
6212,0
6213,5
6214,1
6215,5
6216,30
6217,18
6218,29
6219,9
6220,0
6221,5
6222,18
6223,50
6224,52
6225,1
6226,34
6227,18
6228,4
6229,0
6230,0
6231,47
6232,36
6233,7
6234,32
6235,21
6236,2
6237,0
6238,27
6239,46
6240,38
6241,47
6242,3
6243,38
6244,0
6245,33
6246,4
6247,19
6248,9
6249,1
6250,20
6251,23
6252,12
6253,7
6254,8
6255,6
6256,0
6257,7
6258,0
6259,10
6260,7
6261,48
6262,53
6263,42
6264,40
6265,16
6266,6
6267,26
6268,0
6269,57
6270,16
6271,32
6272,6
6273,38
6274,0
6275,3
6276,13
6277,7
6278,18
6279,3
6280,1
6281,25
6282,1
6283,45
6284,0
6285,8
6286,12
6287,2
6288,0
6289,11
6290,30
6291,2
6292,3
6293,7
6294,18
6295,10
6296,35
6297,0
6298,33
6299,35
6300,17
6301,52
6302,41
6303,58
6304,39
6305,15
6306,16
6307,3
6308,26
6309,6
6310,2
6311,2
6312,2
6313,8
6314,0
6315,5
6316,27
6317,1
6318,18
6319,32
6320,30
6321,4
6322,6
6323,39
6324,9
6325,1
6326,27
6327,6
6328,13
6329,38
6330,42
6331,19
6332,26
6333,9
6334,13
6335,5
6336,7
6337,3
6338,14
6339,49
6340,10
6341,3
6342,52
6343,51
6344,3
6345,26
6346,7
6347,24
6348,2
6349,3
6350,22
6351,46
6352,5
6353,11
6354,16
6355,0
6356,8
6357,3
6358,29
6359,33
6360,5
6361,5
6362,11
6363,38
6364,7
6365,8
6366,18
6367,40
6368,14
6369,0
6370,48
6371,38
6372,7
6373,7
6374,8
6375,0
6376,2
6377,22
6378,1
6379,0
6380,5
6381,0
6382,14
6383,7
6384,0
6385,3
6386,0
6387,0
6388,6
6389,46
6390,54
6391,5
6392,26
6393,44
6394,1
6395,51
6396,26
6397,3
6398,15
6399,1
6400,0
6401,12
6402,0
6403,54
6404,0
6405,7
6406,4
6407,24
6408,3
6409,0
6410,1
6411,5
6412,52
6413,55
6414,0
6415,24
6416,30
6417,0
6418,14
6419,1
6420,0
6421,45
6422,22
6423,44
6424,4
6425,0
6426,10
6427,51
6428,5
6429,5
6430,0
6431,23
6432,2
6433,8
6434,40
6435,8
6436,8
6437,46
6438,1
6439,24
6440,26
6441,5
6442,19
6443,0
6444,39
6445,0
6446,51
6447,9
6448,7
6449,25
6450,36
6451,36
6452,0
6453,6
6454,57
6455,38
6456,13
6457,14
6458,8
6459,13
6460,0
6461,1
6462,21
6463,26
6464,9
6465,2
6466,0
6467,0
6468,55
6469,16
6470,0
6471,1
6472,8
6473,58
6474,13
6475,19
6476,25
6477,1
6478,0
6479,16
6480,14
6481,19
6482,0
6483,4
6484,12
6485,44
6486,39
6487,5
6488,0
6489,5
6490,38
6491,0
6492,0
6493,10
6494,0
6495,53
6496,9
6497,46
6498,13
6499,9
6500,21
6501,12
6502,5
6503,9
6504,3
6505,38
6506,7
6507,0
6508,0
6509,2
6510,18
6511,15
6512,6
6513,55
6514,1
6515,9
6516,15
6517,8
6518,1
6519,1
6520,22
6521,1
6522,7
6523,7
6524,43
6525,0
6526,17
6527,1
6528,10
6529,39
6530,2
6531,2
6532,6
6533,7
6534,0
6535,13
6536,4
6537,1
6538,54
6539,0
6540,10
6541,13
6542,0
6543,7
6544,4
6545,29
6546,20
6547,9
6548,0
6549,50
6550,6
6551,16
6552,40
6553,0
6554,15
6555,5
6556,19
6557,1
6558,14
6559,0
6560,47
6561,3
6562,1
6563,2
6564,7
6565,2
6566,7
6567,2
6568,15
6569,17
6570,12
6571,1
6572,3
6573,46
6574,5
6575,16
6576,16
6577,3
6578,18
6579,8
6580,1
6581,11
6582,20
6583,45
6584,8
6585,7
6586,22
6587,4
6588,3
6589,39
6590,10
6591,6
6592,14
6593,12
6594,44
6595,12
6596,12
6597,44
6598,0
6599,1
6600,27
6601,41
6602,6
6603,8
6604,25
6605,44
6606,46
6607,0
6608,1
6609,7
6610,41
6611,11
6612,8
6613,7
6614,25
6615,0
6616,14
6617,13
6618,29
6619,0
6620,30
6621,29
6622,30
6623,2
6624,6
6625,0
6626,1
6627,25
6628,27
6629,5
6630,5
6631,49
6632,9
6633,4
6634,29
6635,0
6636,35
6637,28
6638,0
6639,0
6640,28
6641,2
6642,0
6643,4
6644,14
6645,0
6646,19
6647,30
6648,49
6649,1
6650,3
6651,19
6652,0
6653,17
6654,17
6655,39
6656,18
6657,25
6658,13
6659,5
6660,10
6661,15
6662,16
6663,33
6664,24
6665,10
6666,10
6667,0
6668,5
6669,21
6670,26
6671,41
6672,51
6673,22
6674,28
6675,8
6676,27
6677,11
6678,11
6679,29
6680,2
6681,13
6682,6
6683,7
6684,10
6685,34
6686,23
6687,23
6688,7
6689,28
6690,55
6691,0
6692,15
6693,44
6694,6
6695,8
6696,53
6697,36
6698,1
6699,2
6700,1
6701,3
6702,2
6703,9
6704,2
6705,23
6706,0
6707,30
6708,32
6709,5
6710,0
6711,55
6712,1
6713,4
6714,0
6715,47
6716,3
6717,5
6718,4
6719,1
6720,3
6721,8
6722,19
6723,0
6724,22
6725,55
6726,7
6727,35
6728,20
6729,0
6730,48
6731,1
6732,11
6733,33
6734,5
6735,2
6736,2
6737,6
6738,0
6739,3
6740,10
6741,2
6742,12
6743,0
6744,0
6745,28
6746,15
6747,8
6748,52
6749,28
6750,41
6751,8
6752,33
6753,14
6754,38
6755,25
6756,12
6757,23
6758,25
6759,31
6760,55
6761,53
6762,15
6763,12
6764,33
6765,14
6766,1
6767,31
6768,20
6769,12
6770,11
6771,6
6772,3
6773,48
6774,41
6775,0
6776,2
6777,45
6778,16
6779,0
6780,22
6781,49
6782,43
6783,2
6784,48
6785,2
6786,35
6787,42
6788,2
6789,56
6790,40
6791,17
6792,10
6793,0
6794,11
6795,0
6796,32
6797,21
6798,2
6799,43
6800,29
6801,29
6802,11
6803,26
6804,9
6805,0
6806,3
6807,17
6808,10
6809,13
6810,34
6811,7
6812,24
6813,17
6814,23
6815,6
6816,18
6817,55
6818,2
6819,30
6820,2
6821,29
6822,2
6823,6
6824,9
6825,11
6826,34
6827,3
6828,5
6829,56
6830,0
6831,33
6832,47
6833,34
6834,54
6835,4
6836,48
6837,23
6838,27
6839,43
6840,43
6841,3
6842,55
6843,11
6844,25
6845,0
6846,9
6847,25
6848,33
6849,38
6850,23
6851,0
6852,49
6853,23
6854,9
6855,2
6856,56
6857,43
6858,5
6859,22
6860,0
6861,10
6862,4
6863,0
6864,28
6865,8
6866,16
6867,18
6868,13
6869,4
6870,14
6871,13
6872,42
6873,2
6874,11
6875,3
6876,1
6877,18
6878,25
6879,9
6880,5
6881,23
6882,0
6883,8
6884,9
6885,1
6886,5
6887,59
6888,3
6889,58
6890,22
6891,0
6892,2
6893,15
6894,41
6895,57
6896,19
6897,57
6898,7
6899,1
6900,2
6901,49
6902,3
6903,31
6904,15
6905,56
6906,56
6907,14
6908,1
6909,4
6910,37
6911,50
6912,28
6913,6
6914,6
6915,56
6916,0
6917,16
6918,25
6919,53
6920,4
6921,0
6922,25
6923,55
6924,8
6925,10
6926,48
6927,11
6928,17
6929,33
6930,5
6931,7
6932,15
6933,2
6934,0
6935,8
6936,0
6937,13
6938,34
6939,11
6940,7
6941,29
6942,5
6943,10
6944,6
6945,4
6946,8
6947,26
6948,0
6949,19
6950,4
6951,0
6952,30
6953,0
6954,10
6955,6
6956,13
6957,32
6958,31
6959,7
6960,0
6961,22
6962,55
6963,6
6964,14
6965,0
6966,31
6967,41
6968,24
6969,7
6970,3
6971,43
6972,25
6973,19
6974,23
6975,0
6976,32
6977,4
6978,7
6979,3
6980,1
6981,1
6982,25
6983,2
6984,5
6985,1
6986,25
6987,10
6988,0
6989,25
6990,6
6991,12
6992,29
6993,2
6994,56
6995,43
6996,1
6997,8
6998,0
6999,15
7000,0
7001,17
7002,5
7003,0
7004,49
7005,6
7006,3
7007,3
7008,5
7009,17
7010,4
7011,36
7012,3
7013,10
7014,19
7015,1
7016,17
7017,9
7018,40
7019,12
7020,43
7021,31
7022,36
7023,6
7024,7
7025,13
7026,19
7027,13
7028,32
7029,0
7030,32
7031,9
7032,34
7033,0
7034,39
7035,0
7036,9
7037,8
7038,26
7039,1
7040,7
7041,7
7042,12
7043,15
7044,2
7045,5
7046,25
7047,2
7048,38
7049,6
7050,3
7051,5
7052,25
7053,3
7054,0
7055,45
7056,5
7057,21
7058,9
7059,11
7060,3
7061,13
7062,40
7063,40
7064,10
7065,14
7066,50
7067,1
7068,10
7069,34
7070,8
7071,7
7072,50
7073,12
7074,34
7075,0
7076,49
7077,31
7078,46
7079,29
7080,12
7081,29
7082,6
7083,39
7084,9
7085,27
7086,0
7087,16
7088,9
7089,11
7090,42
7091,3
7092,44
7093,10
7094,19
7095,37
7096,0
7097,9
7098,25
7099,23
7100,0
7101,55
7102,39
7103,45
7104,1
7105,2
7106,57
7107,5
7108,6
7109,0
7110,7
7111,55
7112,5
7113,0
7114,7
7115,0
7116,29
7117,0
7118,28
7119,15
7120,19
7121,7
7122,12
7123,0
7124,1
7125,20
7126,5
7127,29
7128,59
7129,0
7130,20
7131,3
7132,36
7133,0
7134,24
7135,19
7136,3
7137,1
7138,22
7139,19
7140,5
7141,25
7142,0
7143,19
7144,46
7145,8
7146,0
7147,7
7148,41
7149,41
7150,5
7151,36
7152,4
7153,4
7154,35
7155,26
7156,0
7157,15
7158,6
7159,24
7160,0
7161,48
7162,15
7163,0
7164,7
7165,0
7166,17
7167,0
7168,30
7169,14
7170,8
7171,4
7172,0
7173,0
7174,43
7175,15
7176,0
7177,0
7178,54
7179,24
7180,24
7181,18
7182,15
7183,19
7184,0
7185,35
7186,25
7187,7
7188,0
7189,55
7190,10
7191,7
7192,5
7193,11
7194,20
7195,16
7196,37
7197,38
7198,1
7199,8
7200,3
7201,6
7202,0
7203,2
7204,47
7205,27
7206,3
7207,47
7208,42
7209,59
7210,22
7211,36
7212,0
7213,2
7214,0
7215,9
7216,56
7217,6
7218,51
7219,16
7220,2
7221,32
7222,25
7223,3
7224,1
7225,1
7226,53
7227,2
7228,3
7229,3
7230,44
7231,39
7232,2
7233,35
7234,15
7235,10
7236,46
7237,7
7238,27
7239,39
7240,47
7241,29
7242,0
7243,6
7244,5
7245,14
7246,5
7247,1
7248,7
7249,7
7250,19
7251,22
7252,0
7253,53
7254,49
7255,41
7256,8
7257,20
7258,28
7259,26
7260,25
7261,9
7262,21
7263,0
7264,51
7265,23
7266,1
7267,7
7268,9
7269,48
7270,3
7271,11
7272,39
7273,13
7274,0
7275,8
7276,1
7277,14
7278,42
7279,41
7280,15
7281,13
7282,2
7283,7
7284,1
7285,2
7286,1
7287,2
7288,40
7289,16
7290,12
7291,51
7292,46
7293,7
7294,28
7295,15
7296,32
7297,1
7298,0
7299,1
7300,33
7301,22
7302,5
7303,3
7304,27
7305,5
7306,6
7307,0
7308,26
7309,2
7310,0
7311,24
7312,35
7313,5
7314,37
7315,0
7316,55
7317,14
7318,56
7319,8
7320,19
7321,0
7322,7
7323,0
7324,3
7325,7
7326,0
7327,0
7328,13
7329,9
7330,22
7331,1
7332,32
7333,14
7334,1
7335,3
7336,41
7337,0
7338,0
7339,33
7340,11
7341,13
7342,4
7343,15
7344,56
7345,40
7346,6
7347,0
7348,13
7349,25
7350,31
7351,8
7352,4
7353,2
7354,36
7355,59
7356,55
7357,20
7358,1
7359,36
7360,6
7361,29
7362,19
7363,1
7364,6
7365,8
7366,1
7367,35
7368,22
7369,3
7370,0
7371,22
7372,12
7373,8
7374,12
7375,21
7376,14
7377,0
7378,1
7379,11
7380,40
7381,40
7382,6
7383,23
7384,31
7385,19
7386,8
7387,11
7388,0
7389,49
7390,10
7391,19
7392,2
7393,17
7394,2
7395,1
7396,12
7397,7
7398,23
7399,2
7400,0
7401,10
7402,14
7403,8
7404,7
7405,7
7406,12
7407,7
7408,30
7409,7
7410,0
7411,0
7412,27
7413,51
7414,34
7415,49
7416,0
7417,1
7418,23
7419,53
7420,1
7421,37
7422,9
7423,0
7424,22
7425,53
7426,6
7427,8
7428,3
7429,7
7430,42
7431,0
7432,9
7433,2
7434,1
7435,3
7436,10
7437,1
7438,8
7439,38
7440,1
7441,3
7442,1
7443,8
7444,15
7445,27
7446,3
7447,11
7448,19
7449,8
7450,14
7451,34
7452,2
7453,31
7454,55
7455,53
7456,15
7457,24
7458,1
7459,22
7460,6
7461,31
7462,44
7463,4
7464,18
7465,2
7466,0
7467,34
7468,37
7469,9
7470,0
7471,3
7472,19
7473,5
7474,38
7475,20
7476,3
7477,4
7478,59
7479,39
7480,36
7481,52
7482,5
7483,0
7484,0
7485,27
7486,15
7487,11
7488,3
7489,0
7490,8
7491,49
7492,4
7493,7
7494,33
7495,2
7496,6
7497,34
7498,36
7499,0
7500,17
7501,52
7502,0
7503,42
7504,22
7505,18
7506,0
7507,5
7508,59
7509,7
7510,0
7511,5
7512,11
7513,34
7514,5
7515,1
7516,2
7517,35
7518,56
7519,41
7520,12
7521,33
7522,17
7523,0
7524,44
7525,0
7526,25
7527,8
7528,39
7529,26
7530,8
7531,14
7532,1
7533,48
7534,0
7535,20
7536,1
7537,28
7538,14
7539,0
7540,6
7541,55
7542,48
7543,1
7544,18
7545,0
7546,56
7547,7
7548,9
7549,21
7550,24
7551,22
7552,0
7553,28
7554,57
7555,36
7556,29
7557,17
7558,2
7559,6
7560,0
7561,12
7562,6
7563,10
7564,10
7565,11
7566,56
7567,14
7568,23
7569,28
7570,30
7571,28
7572,52
7573,9
7574,12
7575,0
7576,8
7577,21
7578,0
7579,22
7580,13
7581,15
7582,51
7583,7
7584,20
7585,33
7586,36
7587,7
7588,20
7589,27
7590,51
7591,26
7592,2
7593,5
7594,16
7595,5
7596,20
7597,9
7598,11
7599,23
7600,12
7601,2
7602,44
7603,12
7604,13
7605,41
7606,51
7607,1
7608,5
7609,0
7610,11
7611,19
7612,24
7613,29
7614,25
7615,44
7616,2
7617,25
7618,0
7619,39
7620,20
7621,10
7622,0
7623,14
7624,8
7625,1
7626,16
7627,43
7628,8
7629,6
7630,16
7631,0
7632,17
7633,6
7634,6
7635,31
7636,40
7637,14
7638,8
7639,14
7640,33
7641,41
7642,5
7643,1
7644,1
7645,33
7646,6
7647,31
7648,0
7649,9
7650,21
7651,59
7652,3
7653,41
7654,9
7655,13
7656,32
7657,2
7658,1
7659,6
7660,43
7661,4
7662,6
7663,0
7664,7
7665,1
7666,22
7667,34
7668,30
7669,0
7670,1
7671,38
7672,48
7673,28
7674,6
7675,39
7676,5
7677,12
7678,4
7679,24
7680,40
7681,3
7682,3
7683,12
7684,11
7685,20
7686,31
7687,1
7688,22
7689,14
7690,0
7691,2
7692,12
7693,12
7694,1
7695,0
7696,5
7697,19
7698,22
7699,19
7700,1
7701,9
7702,0
7703,6
7704,57
7705,0
7706,18
7707,46
7708,16
7709,29
7710,36
7711,3
7712,18
7713,8
7714,46
7715,26
7716,8
7717,1
7718,0
7719,12
7720,23
7721,0
7722,5
7723,0
7724,5
7725,0
7726,5
7727,9
7728,9
7729,1
7730,27
7731,51
7732,23
7733,2
7734,19
7735,7
7736,5
7737,3
7738,4
7739,12
7740,56
7741,1
7742,28
7743,6
7744,13
7745,6
7746,28
7747,6
7748,6
7749,18
7750,28
7751,25
7752,8
7753,6
7754,8
7755,59
7756,29
7757,15
7758,13
7759,53
7760,56
7761,7
7762,37
7763,44
7764,2
7765,10
7766,0
7767,2
7768,6
7769,56
7770,56
7771,20
7772,0
7773,25
7774,5
7775,32
7776,13
7777,8
7778,4
7779,1
7780,11
7781,0
7782,1
7783,7
7784,52
7785,15
7786,16
7787,32
7788,1
7789,32
7790,0
7791,6
7792,5
7793,24
7794,0
7795,28
7796,2
7797,50
7798,2
7799,9
7800,6
7801,0
7802,19
7803,6
7804,24
7805,0
7806,11
7807,3
7808,22
7809,0
7810,13
7811,6
7812,0
7813,52
7814,2
7815,42
7816,27
7817,10
7818,23
7819,0
7820,0
7821,11
7822,9
7823,13
7824,2
7825,25
7826,15
7827,5
7828,18
7829,11
7830,1
7831,0
7832,57
7833,3
7834,1
7835,25
7836,6
7837,3
7838,54
7839,24
7840,19
7841,30
7842,49
7843,3
7844,0
7845,1
7846,5
7847,19
7848,1
7849,2
7850,3
7851,18
7852,4
7853,1
7854,0
7855,44
7856,22
7857,36
7858,7
7859,5
7860,17
7861,1
7862,0
7863,9
7864,7
7865,1
7866,0
7867,7
7868,19
7869,14
7870,20
7871,36
7872,11
7873,32
7874,23
7875,42
7876,1
7877,0
7878,10
7879,0
7880,1
7881,3
7882,12
7883,18
7884,0
7885,31
7886,0
7887,1
7888,10
7889,18
7890,5
7891,8
7892,6
7893,1
7894,11
7895,5
7896,0
7897,5
7898,3
7899,1
7900,13
7901,5
7902,9
7903,3
7904,16
7905,12
7906,17
7907,8
7908,1
7909,0
7910,4
7911,3
7912,2
7913,13
7914,47
7915,19
7916,33
7917,40
7918,0
7919,26
7920,25
7921,0
7922,11
7923,22
7924,3
7925,40
7926,47
7927,4
7928,27
7929,3
7930,19
7931,10
7932,13
7933,19
7934,55
7935,0
7936,42
7937,0
7938,44
7939,18
7940,6
7941,11
7942,29
7943,14
7944,15
7945,5
7946,56
7947,20
7948,6
7949,3
7950,13
7951,2
7952,39
7953,2
7954,34
7955,41
7956,3
7957,40
7958,5
7959,14
7960,55
7961,5
7962,0
7963,3
7964,0
7965,2
7966,1
7967,16
7968,7
7969,0
7970,25
7971,44
7972,2
7973,39
7974,8
7975,12
7976,7
7977,24
7978,6
7979,0
7980,48
7981,17
7982,28
7983,19
7984,12
7985,33
7986,0
7987,14
7988,25
7989,52
7990,28
7991,3
7992,0
7993,27
7994,7
7995,4
7996,7
7997,5
7998,5
7999,24
8000,19
8001,13
8002,1
8003,36
8004,26
8005,6
8006,37
8007,0
8008,8
8009,44
8010,1
8011,2
8012,23
8013,46
8014,51
8015,33
8016,46
8017,54
8018,7
8019,11
8020,13
8021,13
8022,1
8023,0
8024,13
8025,8
8026,6
8027,5
8028,17
8029,0
8030,20
8031,0
8032,35
8033,9
8034,6
8035,12
8036,51
8037,56
8038,38
8039,33
8040,17
8041,6
8042,1
8043,2
8044,37
8045,10
8046,7
8047,22
8048,1
8049,7
8050,12
8051,7
8052,24
8053,15
8054,13
8055,2
8056,0
8057,12
8058,8
8059,16
8060,12
8061,34
8062,57
8063,44
8064,0
8065,14
8066,5
8067,17
8068,15
8069,2
8070,26
8071,21
8072,54
8073,4
8074,6
8075,0
8076,31
8077,5
8078,9
8079,3
8080,5
8081,32
8082,15
8083,0
8084,1
8085,4
8086,46
8087,0
8088,6
8089,45
8090,11
8091,15
8092,52
8093,0
8094,15
8095,5
8096,7
8097,15
8098,36
8099,51
8100,27
8101,10
8102,0
8103,6
8104,57
8105,20
8106,7
8107,31
8108,43
8109,1
8110,44
8111,0
8112,17
8113,1
8114,28
8115,16
8116,19
8117,19
8118,1
8119,7
8120,36
8121,1
8122,8
8123,14
8124,12
8125,0
8126,24
8127,14
8128,0
8129,5
8130,14
8131,1
8132,10
8133,5
8134,25
8135,0
8136,19
8137,8
8138,9
8139,3
8140,8
8141,0
8142,26
8143,1
8144,6
8145,19
8146,17
8147,0
8148,0
8149,1
8150,40
8151,37
8152,48
8153,9
8154,55
8155,49
8156,10
8157,0
8158,40
8159,18
8160,23
8161,12
8162,10
8163,0
8164,6
8165,9
8166,53
8167,12
8168,7
8169,53
8170,59
8171,0
8172,2
8173,4
8174,12
8175,2
8176,22
8177,25
8178,15
8179,1
8180,29
8181,8
8182,6
8183,11
8184,0
8185,6
8186,1
8187,43
8188,29
8189,32
8190,0
8191,14
8192,9
8193,15
8194,1
8195,58
8196,26
8197,27
8198,7
8199,2
8200,41
8201,55
8202,23
8203,25
8204,40
8205,32
8206,48
8207,10
8208,36
8209,21
8210,0
8211,20
8212,5
8213,22
8214,0
8215,25
8216,18
8217,44
8218,2
8219,25
8220,34
8221,24
8222,33
8223,7
8224,22
8225,6
8226,1
8227,24
8228,30
8229,26
8230,29
8231,2
8232,28
8233,8
8234,15
8235,38
8236,44
8237,23
8238,45
8239,17
8240,26
8241,5
8242,52
8243,1
8244,0
8245,17
8246,12
8247,9
8248,13
8249,9
8250,46
8251,33
8252,57
8253,0
8254,6
8255,26
8256,42
8257,16
8258,44
8259,7
8260,46
8261,18
8262,2
8263,23
8264,14
8265,5
8266,1
8267,7
8268,43
8269,0
8270,0
8271,2
8272,11
8273,47
8274,18
8275,24
8276,42
8277,18
8278,53
8279,4
8280,21
8281,17
8282,6
8283,4
8284,0
8285,17
8286,11
8287,0
8288,44
8289,47
8290,14
8291,4
8292,18
8293,33
8294,10
8295,55
8296,34
8297,0
8298,15
8299,6
8300,26
8301,18
8302,54
8303,37
8304,22
8305,36
8306,31
8307,12
8308,16
8309,5
8310,29
8311,17
8312,38
8313,6
8314,0
8315,0
8316,22
8317,1
8318,0
8319,15
8320,5
8321,7
8322,0
8323,2
8324,9
8325,30
8326,23
8327,0
8328,15
8329,26
8330,26
8331,24
8332,3
8333,2
8334,9
8335,2
8336,2
8337,43
8338,3
8339,17
8340,2
8341,12
8342,27
8343,9
8344,5
8345,7
8346,28
8347,1
8348,44
8349,46
8350,40
8351,0
8352,11
8353,2
8354,4
8355,26
8356,1
8357,11
8358,0
8359,1
8360,1
8361,54
8362,17
8363,45
8364,1
8365,9
8366,24
8367,28
8368,1
8369,1
8370,10
8371,20
8372,24
8373,6
8374,16
8375,39
8376,22
8377,7
8378,0
8379,3
8380,12
8381,19
8382,0
8383,42
8384,29
8385,14
8386,20
8387,25
8388,22
8389,19
8390,48
8391,17
8392,9
8393,9
8394,14
8395,53
8396,0
8397,24
8398,2
8399,21
8400,2
8401,22
8402,8
8403,23
8404,27
8405,51
8406,10
8407,44
8408,22
8409,1
8410,5
8411,9
8412,6
8413,32
8414,21
8415,18
8416,6
8417,18
8418,4
8419,8
8420,53
8421,7
8422,13
8423,0
8424,13
8425,49
8426,3
8427,28
8428,6
8429,18
8430,22
8431,43
8432,1
8433,12
8434,6
8435,6
8436,0
8437,3
8438,23
8439,12
8440,21
8441,15
8442,0
8443,5
8444,41
8445,18
8446,7
8447,2
8448,0
8449,14
8450,5
8451,26
8452,30
8453,32
8454,29
8455,21
8456,29
8457,3
8458,3
8459,38
8460,19
8461,49
8462,32
8463,1
8464,25
8465,30
8466,9
8467,2
8468,0
8469,14
8470,11
8471,10
8472,16
8473,12
8474,21
8475,46
8476,56
8477,9
8478,11
8479,14
8480,7
8481,8
8482,11
8483,3
8484,3
8485,43
8486,28
8487,43
8488,1
8489,42
8490,3
8491,6
8492,2
8493,19
8494,5
8495,36
8496,13
8497,6
8498,3
8499,1
8500,5
8501,25
8502,3
8503,43
8504,2
8505,5
8506,7
8507,2
8508,9
8509,9
8510,0
8511,18
8512,1
8513,43
8514,31
8515,29
8516,0
8517,11
8518,54
8519,7
8520,3
8521,3
8522,0
8523,52
8524,33
8525,4
8526,0
8527,18
8528,6
8529,5
8530,0
8531,8
8532,0
8533,29
8534,1
8535,4
8536,7
8537,34
8538,0
8539,17
8540,20
8541,13
8542,6
8543,18
8544,12
8545,6
8546,14
8547,8
8548,34
8549,17
8550,16
8551,23
8552,19
8553,31
8554,27
8555,31
8556,0
8557,7
8558,35
8559,34
8560,28
8561,14
8562,22
8563,2
8564,9
8565,6
8566,7
8567,31
8568,12
8569,9
8570,11
8571,40
8572,38
8573,4
8574,10
8575,8
8576,5
8577,38
8578,10
8579,31
8580,14
8581,33
8582,19
8583,20
8584,10
8585,22
8586,20
8587,49
8588,16
8589,20
8590,28
8591,14
8592,4
8593,7
8594,11
8595,6
8596,9
8597,9
8598,17
8599,2
8600,2
8601,0
8602,52
8603,0
8604,13
8605,0
8606,33
8607,0
8608,27
8609,0
8610,19
8611,8
8612,23
8613,3
8614,5
8615,24
8616,3
8617,22
8618,18
8619,51
8620,53
8621,3
8622,5
8623,0
8624,9
8625,0
8626,13
8627,0
8628,0
8629,12
8630,6
8631,3
8632,18
8633,6
8634,42
8635,33
8636,4
8637,5
8638,7
8639,13
8640,1
8641,4
8642,26
8643,47
8644,5
8645,25
8646,0
8647,53
8648,2
8649,24
8650,2
8651,19
8652,8
8653,16
8654,14
8655,39
8656,1
8657,0
8658,30
8659,45
8660,9
8661,13
8662,0
8663,9
8664,20
8665,6
8666,6
8667,57
8668,16
8669,56
8670,8
8671,21
8672,0
8673,15
8674,6
8675,55
8676,2
8677,6
8678,51
8679,5
8680,4
8681,4
8682,1
8683,16
8684,53
8685,47
8686,46
8687,42
8688,23
8689,18
8690,0
8691,39
8692,56
8693,12
8694,4
8695,38
8696,3
8697,12
8698,53
8699,6
8700,1
8701,56
8702,0
8703,7
8704,21
8705,0
8706,20
8707,2
8708,49
8709,2
8710,2
8711,8
8712,25
8713,18
8714,12
8715,17
8716,0
8717,0
8718,17
8719,10
8720,21
8721,52
8722,0
8723,7
8724,59
8725,4
8726,51
8727,6
8728,2
8729,7
8730,22
8731,10
8732,28
8733,52
8734,40
8735,1
8736,8
8737,8
8738,24
8739,6
8740,23
8741,18
8742,19
8743,36
8744,8
8745,16
8746,9
8747,27
8748,0
8749,15
8750,5
8751,17
8752,36
8753,8
8754,30
8755,10
8756,47
8757,21
8758,21
8759,6
8760,49
8761,0
8762,0
8763,7
8764,1
8765,0
8766,36
8767,9
8768,16
8769,0
8770,5
8771,59
8772,3
8773,32
8774,18
8775,34
8776,47
8777,49
8778,28
8779,26
8780,12
8781,2
8782,1
8783,0
8784,15
8785,7
8786,3
8787,18
8788,18
8789,2
8790,8
8791,43
8792,5
8793,0
8794,2
8795,13
8796,42
8797,19
8798,10
8799,11
8800,34
8801,36
8802,22
8803,12
8804,12
8805,41
8806,1
8807,47
8808,1
8809,35
8810,57
8811,1
8812,14
8813,7
8814,7
8815,40
8816,5
8817,2
8818,43
8819,5
8820,19
8821,11
8822,30
8823,31
8824,16
8825,44
8826,8
8827,47
8828,52
8829,18
8830,9
8831,12
8832,7
8833,57
8834,6
8835,31
8836,1
8837,12
8838,15
8839,39
8840,8
8841,23
8842,1
8843,1
8844,28
8845,23
8846,5
8847,15
8848,20
8849,23
8850,1
8851,15
8852,13
8853,19
8854,34
8855,0
8856,2
8857,22
8858,37
8859,10
8860,13
8861,9
8862,1
8863,1
8864,2
8865,14
8866,56
8867,15
8868,39
8869,9
8870,14
8871,1
8872,43
8873,1
8874,43
8875,17
8876,26
8877,6
8878,0
8879,2
8880,7
8881,0
8882,2
8883,5
8884,31
8885,40
8886,2
8887,19
8888,9
8889,38
8890,19
8891,7
8892,31
8893,0
8894,31
8895,3
8896,11
8897,3
8898,25
8899,52
8900,11
8901,4
8902,33
8903,14
8904,19
8905,13
8906,9
8907,25
8908,6
8909,0
8910,25
8911,52
8912,6
8913,11
8914,10
8915,5
8916,5
8917,0
8918,12
8919,24
8920,52
8921,34
8922,12
8923,49
8924,26
8925,8
8926,9
8927,29
8928,20
8929,3
8930,0
8931,11
8932,37
8933,11
8934,23
8935,47
8936,8
8937,21
8938,19
8939,0
8940,5
8941,8
8942,5
8943,6
8944,48
8945,57
8946,59
8947,0
8948,6
8949,48
8950,13
8951,57
8952,9
8953,0
8954,48
8955,32
8956,25
8957,0
8958,18
8959,55
8960,39
8961,13
8962,4
8963,26
8964,1
8965,50
8966,6
8967,24
8968,12
8969,25
8970,7
8971,13
8972,27
8973,0
8974,15
8975,17
8976,15
8977,9
8978,20
8979,36
8980,46
8981,17
8982,8
8983,41
8984,29
8985,41
8986,0
8987,4
8988,8
8989,30
8990,48
8991,29
8992,31
8993,33
8994,9
8995,5
8996,17
8997,0
8998,3
8999,9
9000,32
9001,7
9002,44
9003,0
9004,26
9005,0
9006,5
9007,30
9008,5
9009,4
9010,0
9011,13
9012,26
9013,26
9014,2
9015,16
9016,24
9017,59
9018,7
9019,0
9020,19
9021,12
9022,1
9023,53
9024,41
9025,32
9026,2
9027,15
9028,0
9029,48
9030,0
9031,4
9032,6
9033,17
9034,23
9035,1
9036,17
9037,3
9038,25
9039,27
9040,33
9041,1
9042,1
9043,1
9044,15
9045,26
9046,12
9047,14
9048,11
9049,39
9050,19
9051,19
9052,26
9053,0
9054,5
9055,2
9056,5
9057,5
9058,0
9059,31
9060,13
9061,0
9062,0
9063,6
9064,7
9065,2
9066,38
9067,0
9068,3
9069,1
9070,4
9071,31
9072,15
9073,48
9074,2
9075,23
9076,14
9077,7
9078,5
9079,50
9080,1
9081,45
9082,8
9083,37
9084,0
9085,16
9086,1
9087,6
9088,34
9089,3
9090,3
9091,3
9092,1
9093,43
9094,4
9095,0
9096,2
9097,0
9098,1
9099,28
9100,7
9101,1
9102,57
9103,19
9104,0
9105,27
9106,6
9107,12
9108,5
9109,0
9110,39
9111,19
9112,5
9113,0
9114,44
9115,33
9116,12
9117,19
9118,13
9119,0
9120,29
9121,46
9122,0
9123,0
9124,7
9125,23
9126,24
9127,0
9128,58
9129,0
9130,6
9131,1
9132,1
9133,41
9134,3
9135,57
9136,28
9137,22
9138,27
9139,0
9140,28
9141,8
9142,27
9143,22
9144,19
9145,11
9146,13
9147,3
9148,31
9149,57
9150,13
9151,14
9152,0
9153,33
9154,24
9155,51
9156,18
9157,48
9158,15
9159,0
9160,33
9161,1
9162,33
9163,3
9164,43
9165,43
9166,7
9167,52
9168,15
9169,1
9170,0
9171,4
9172,20
9173,0
9174,10
9175,50
9176,10
9177,40
9178,57
9179,58
9180,15
9181,0
9182,15
9183,15
9184,1
9185,0
9186,27
9187,42
9188,33
9189,15
9190,26
9191,40
9192,56
9193,0
9194,2
9195,3
9196,8
9197,31
9198,6
9199,14
9200,42
9201,53
9202,58
9203,31
9204,0
9205,0
9206,22
9207,2
9208,33
9209,22
9210,3
9211,31
9212,6
9213,0
9214,39
9215,15
9216,2
9217,29
9218,7
9219,43
9220,5
9221,1
9222,12
9223,29
9224,14
9225,9
9226,34
9227,4
9228,2
9229,0
9230,30
9231,8
9232,29
9233,24
9234,0
9235,8
9236,36
9237,17
9238,0
9239,9
9240,25
9241,7
9242,3
9243,4
9244,1
9245,8
9246,0
9247,5
9248,52
9249,18
9250,21
9251,7
9252,0
9253,0
9254,38
9255,0
9256,1
9257,22
9258,3
9259,16
9260,0
9261,8
9262,11
9263,2
9264,2
9265,34
9266,26
9267,7
9268,27
9269,33
9270,0
9271,49
9272,20
9273,13
9274,0
9275,4
9276,26
9277,15
9278,34
9279,13
9280,38
9281,0
9282,35
9283,55
9284,5
9285,0
9286,19
9287,38
9288,8
9289,1
9290,49
9291,16
9292,8
9293,50
9294,10
9295,29
9296,35
9297,22
9298,30
9299,9
9300,7
9301,5
9302,29
9303,22
9304,10
9305,8
9306,16
9307,0
9308,15
9309,46
9310,3
9311,1
9312,37
9313,13
9314,37
9315,3
9316,13
9317,0
9318,1
9319,8
9320,14
9321,33
9322,1
9323,5
9324,0
9325,33
9326,9
9327,31
9328,3
9329,25
9330,5
9331,14
9332,21
9333,36
9334,10
9335,43
9336,55
9337,3
9338,0
9339,36
9340,39
9341,44
9342,43
9343,0
9344,15
9345,8
9346,10
9347,45
9348,16
9349,16
9350,19
9351,30
9352,25
9353,2
9354,50
9355,6
9356,41
9357,33
9358,10
9359,14
9360,2
9361,0
9362,1
9363,0
9364,10
9365,0
9366,1
9367,42
9368,5
9369,48
9370,18
9371,0
9372,0
9373,11
9374,23
9375,18
9376,8
9377,23
9378,17
9379,8
9380,32
9381,22
9382,3
9383,0
9384,19
9385,37
9386,13
9387,1
9388,0
9389,43
9390,7
9391,26
9392,9
9393,37
9394,46
9395,39
9396,53
9397,28
9398,19
9399,2
9400,5
9401,11
9402,2
9403,18
9404,32
9405,17
9406,0
9407,9
9408,0
9409,8
9410,3
9411,19
9412,5
9413,0
9414,16
9415,24
9416,4
9417,27
9418,31
9419,18
9420,3
9421,33
9422,17
9423,34
9424,6
9425,7
9426,5
9427,3
9428,56
9429,1
9430,31
9431,41
9432,0
9433,42
9434,0
9435,53
9436,39
9437,27
9438,2
9439,20
9440,17
9441,13
9442,4
9443,40
9444,15
9445,8
9446,10
9447,0
9448,22
9449,18
9450,10
9451,13
9452,13
9453,1
9454,12
9455,8
9456,41
9457,32
9458,22
9459,8
9460,12
9461,0
9462,1
9463,7
9464,43
9465,45
9466,36
9467,1
9468,33
9469,5
9470,16
9471,0
9472,4
9473,51
9474,31
9475,12
9476,48
9477,5
9478,2
9479,13
9480,9
9481,0
9482,38
9483,0
9484,27
9485,47
9486,26
9487,9
9488,10
9489,6
9490,33
9491,6
9492,0
9493,11
9494,8
9495,24
9496,38
9497,43
9498,2
9499,1
9500,53
9501,26
9502,18
9503,46
9504,20
9505,9
9506,9
9507,0
9508,3
9509,9
9510,31
9511,3
9512,0
9513,41
9514,6
9515,9
9516,0
9517,2
9518,8
9519,0
9520,3
9521,8
9522,6
9523,52
9524,6
9525,48
9526,13
9527,6
9528,37
9529,24
9530,16
9531,0
9532,9
9533,0
9534,11
9535,6
9536,52
9537,18
9538,15
9539,15
9540,23
9541,24
9542,35
9543,31
9544,7
9545,3
9546,12
9547,21
9548,3
9549,33
9550,10
9551,6
9552,8
9553,3
9554,1
9555,0
9556,59
9557,19
9558,0
9559,1
9560,0
9561,15
9562,0
9563,35
9564,48
9565,5
9566,37
9567,6
9568,40
9569,27
9570,34
9571,26
9572,16
9573,0
9574,3
9575,0
9576,38
9577,17
9578,21
9579,3
9580,21
9581,20
9582,7
9583,17
9584,38
9585,28
9586,18
9587,15
9588,13
9589,2
9590,9
9591,0
9592,20
9593,0
9594,6
9595,2
9596,43
9597,1
9598,34
9599,15
9600,46
9601,3
9602,33
9603,25
9604,7
9605,0
9606,0
9607,6
9608,41
9609,23
9610,11
9611,12
9612,8
9613,5
9614,17
9615,51
9616,0
9617,2
9618,45
9619,3
9620,56
9621,7
9622,6
9623,39
9624,31
9625,18
9626,36
9627,51
9628,31
9629,6
9630,8
9631,56
9632,57
9633,7
9634,19
9635,21
9636,10
9637,42
9638,51
9639,42
9640,0
9641,5
9642,5
9643,12
9644,12
9645,3
9646,24
9647,0
9648,16
9649,2
9650,7
9651,8
9652,22
9653,17
9654,55
9655,2
9656,3
9657,23
9658,20
9659,28
9660,39
9661,52
9662,1
9663,0
9664,19
9665,6
9666,23
9667,6
9668,0
9669,54
9670,0
9671,34
9672,10
9673,28
9674,5
9675,8
9676,6
9677,33
9678,2
9679,1
9680,20
9681,28
9682,6
9683,8
9684,52
9685,55
9686,0
9687,22
9688,53
9689,36
9690,19
9691,3
9692,44
9693,10
9694,52
9695,1
9696,36
9697,1
9698,0
9699,0
9700,18
9701,0
9702,3
9703,3
9704,10
9705,16
9706,39
9707,10
9708,42
9709,58
9710,0
9711,5
9712,38
9713,25
9714,33
9715,0
9716,0
9717,0
9718,53
9719,5
9720,13
9721,27
9722,26
9723,9
9724,24
9725,47
9726,6
9727,4
9728,0
9729,9
9730,0
9731,24
9732,2
9733,13
9734,12
9735,0
9736,0
9737,10
9738,0
9739,11
9740,2
9741,41
9742,10
9743,44
9744,27
9745,1
9746,53
9747,0
9748,5
9749,9
9750,1
9751,46
9752,27
9753,36
9754,12
9755,54
9756,0
9757,38
9758,49
9759,58
9760,3
9761,33
9762,8
9763,53
9764,50
9765,20
9766,6
9767,53
9768,33
9769,8
9770,13
9771,0
9772,19
9773,23
9774,51
9775,18
9776,14
9777,11
9778,0
9779,0
9780,22
9781,1
9782,8
9783,28
9784,25
9785,13
9786,8
9787,52
9788,11
9789,27
9790,9
9791,1
9792,0
9793,13
9794,5
9795,29
9796,1
9797,50
9798,0
9799,0
9800,35
9801,3
9802,27
9803,0
9804,10
9805,8
9806,13
9807,1
9808,21
9809,32
9810,43
9811,15
9812,0
9813,38
9814,4
9815,48
9816,55
9817,1
9818,10
9819,39
9820,37
9821,17
9822,10
9823,9
9824,46
9825,1
9826,51
9827,42
9828,18
9829,31
9830,45
9831,0
9832,0
9833,15
9834,43
9835,45
9836,1
9837,23
9838,1
9839,7
9840,1
9841,36
9842,40
9843,11
9844,1
9845,0
9846,37
9847,18
9848,55
9849,0
9850,0
9851,29
9852,8
9853,10
9854,13
9855,8
9856,8
9857,4
9858,7
9859,0
9860,8
9861,31
9862,2
9863,53
9864,36
9865,1
9866,30
9867,23
9868,12
9869,24
9870,28
9871,6
9872,8
9873,6
9874,0
9875,2
9876,13
9877,0
9878,4
9879,32
9880,39
9881,3
9882,18
9883,38
9884,18
9885,36
9886,2
9887,0
9888,4
9889,1
9890,0
9891,0
9892,0
9893,25
9894,12
9895,45
9896,12
9897,3
9898,5
9899,9
9900,30
9901,11
9902,13
9903,18
9904,9
9905,0
9906,0
9907,13
9908,0
9909,27
9910,11
9911,0
9912,6
9913,1
9914,20
9915,55
9916,6
9917,26
9918,5
9919,38
9920,14
9921,20
9922,47
9923,48
9924,51
9925,0
9926,7
9927,9
9928,33
9929,22
9930,7
9931,5
9932,6
9933,38
9934,36
9935,2
9936,36
9937,18
9938,8
9939,3
9940,55
9941,8
9942,3
9943,0
9944,19
9945,41
9946,35
9947,2
9948,44
9949,16
9950,6
9951,12
9952,5
9953,26
9954,1
9955,15
9956,3
9957,25
9958,1
9959,58
9960,2
9961,5
9962,9
9963,21
9964,0
9965,9
9966,1
9967,8
9968,17
9969,44
9970,13
9971,44
9972,0
9973,54
9974,3
9975,9
9976,25
9977,4
9978,48
9979,19
9980,1
9981,46
9982,12
9983,2
9984,27
9985,40
9986,2
9987,38
9988,12
9989,8
9990,16
9991,9
9992,1
9993,0
9994,22
9995,5
9996,35
9997,0
9998,15
9999,23
10000,53
10001,2
10002,5
10003,35
10004,6
10005,56
10006,10
10007,33
10008,22
10009,40
10010,11
10011,3
10012,57
10013,0
10014,48
10015,10
10016,34
10017,1
10018,8
10019,1
10020,0
10021,30
10022,33
10023,49
10024,53
10025,12
10026,5
10027,9
10028,15
10029,20
10030,3
10031,7
10032,57
10033,2
10034,34
10035,8
10036,48
10037,0
10038,39
10039,4
10040,13
10041,8
10042,5
10043,0
10044,11
10045,27
10046,1
10047,37
10048,6
10049,5
10050,11
10051,15
10052,4
10053,59
10054,11
10055,7
10056,52
10057,6
10058,0
10059,32
10060,5
10061,47
10062,9
10063,19
10064,1
10065,5
10066,23
10067,8
10068,41
10069,1
10070,9
10071,8
10072,32
10073,3
10074,59
10075,2
10076,6
10077,18
10078,4
10079,6
10080,10
10081,14
10082,25
10083,23
10084,9
10085,32
10086,42
10087,6
10088,5
10089,9
10090,47
10091,39
10092,7
10093,44
10094,5
10095,31
10096,10
10097,7
10098,28
10099,13
10100,17
10101,28
10102,9
10103,30
10104,9
10105,10
10106,10
10107,5
10108,9
10109,56
10110,55
10111,15
10112,7
10113,9
10114,53
10115,37
10116,6
10117,7
10118,7
10119,0
10120,36
10121,8
10122,9
10123,2
10124,0
10125,4
10126,27
10127,8
10128,53
10129,2
10130,17
10131,24
10132,43
10133,38
10134,6
10135,25
10136,0
10137,5
10138,0
10139,3
10140,7
10141,26
10142,8
10143,33
10144,20
10145,40
10146,3
10147,0
10148,23
10149,1
10150,5
10151,50
10152,9
10153,47
10154,19
10155,29
10156,6
10157,6
10158,2
10159,1
10160,44
10161,3
10162,40
10163,57
10164,2
10165,35
10166,8
10167,47
10168,11
10169,25
10170,34
10171,8
10172,0
10173,13
10174,46
10175,37
10176,0
10177,11
10178,2
10179,17
10180,18
10181,34
10182,6
10183,12
10184,0
10185,7
10186,0
10187,8
10188,25
10189,3
10190,43
10191,0
10192,11
10193,8
10194,17
10195,8
10196,7
10197,1
10198,10
10199,5
10200,1
10201,46
10202,33
10203,47
10204,18
10205,4
10206,4
10207,39
10208,23
10209,35
10210,17
10211,7
10212,1
10213,14
10214,25
10215,44
10216,34
10217,6
10218,51
10219,39
10220,24
10221,0
10222,14
10223,22
10224,49
10225,5
10226,41
10227,1
10228,13
10229,8
10230,38
10231,15
10232,7
10233,57
10234,7
10235,1
10236,2
10237,40
10238,12
10239,6
10240,18
10241,14
10242,44
10243,2
10244,15
10245,27
10246,4
10247,17
10248,11
10249,1
10250,6
10251,10
10252,8
10253,2
10254,0
10255,5
10256,10
10257,51
10258,5
10259,7
10260,44
10261,12
10262,19
10263,0
10264,3
10265,57
10266,27
10267,4
10268,18
10269,55
10270,19
10271,12
10272,17
10273,0
10274,29
10275,3
10276,16
10277,4
10278,2
10279,0
10280,19
10281,19
10282,8
10283,50
10284,0
10285,52
10286,0
10287,5
10288,7
10289,23
10290,6
10291,8
10292,0
10293,9
10294,12
10295,47
10296,18
10297,41
10298,4
10299,25
10300,22
10301,44
10302,29
10303,48
10304,20
10305,15
10306,37
10307,56
10308,5
10309,7
10310,25
10311,0
10312,49
10313,1
10314,0
10315,12
10316,2
10317,2
10318,0
10319,7
10320,28
10321,34
10322,52
10323,2
10324,44
10325,40
10326,41
10327,24
10328,12
10329,37
10330,21
10331,15
10332,0
10333,0
10334,0
10335,0
10336,10
10337,15
10338,0
10339,1
10340,25
10341,56
10342,15
10343,4
10344,27
10345,8
10346,54
10347,7
10348,28
10349,3
10350,15
10351,37
10352,12
10353,0
10354,43
10355,19
10356,4
10357,24
10358,2
10359,49
10360,11
10361,2
10362,0
10363,14
10364,7
10365,29
10366,6
10367,40
10368,50
10369,0
10370,3
10371,5
10372,9
10373,11
10374,15
10375,1
10376,19
10377,20
10378,24
10379,9
10380,2
10381,16
10382,29
10383,55
10384,34
10385,20
10386,25
10387,7
10388,7
10389,5
10390,27
10391,6
10392,19
10393,1
10394,0
10395,4
10396,1
10397,39
10398,2
10399,25
10400,28
10401,19
10402,2
10403,25
10404,1
10405,13
10406,3
10407,0
10408,4
10409,8
10410,0
10411,48
10412,33
10413,55
10414,2
10415,2
10416,15
10417,2
10418,41
10419,1
10420,29
10421,27
10422,57
10423,19
10424,54
10425,12
10426,18
10427,41
10428,16
10429,7
10430,1
10431,34
10432,26
10433,20
10434,16
10435,6
10436,38
10437,0
10438,15
10439,9
10440,42
10441,9
10442,45
10443,13
10444,32
10445,50
10446,14
10447,15
10448,32
10449,7
10450,15
10451,13
10452,2
10453,43
10454,8
10455,0
10456,2
10457,17
10458,12
10459,53
10460,8
10461,47
10462,38
10463,5
10464,20
10465,59
10466,1
10467,10
10468,39
10469,15
10470,6
10471,15
10472,13
10473,42
10474,46
10475,38
10476,0
10477,38
10478,56
10479,7
10480,6
10481,3
10482,0
10483,3
10484,0
10485,6
10486,3
10487,1
10488,2
10489,1
10490,20
10491,44
10492,7
10493,53
10494,37
10495,0
10496,3
10497,9
10498,8
10499,25
10500,17
10501,28
10502,22
10503,13
10504,1
10505,5
10506,16
10507,16
10508,25
10509,0
10510,38
10511,0
10512,10
10513,5
10514,32
10515,1
10516,7
10517,17
10518,21
10519,16
10520,20
10521,1
10522,0
10523,39
10524,3
10525,30
10526,14
10527,3
10528,0
10529,45
10530,9
10531,57
10532,0
10533,53
10534,0
10535,11
10536,1
10537,3
10538,1
10539,2
10540,12
10541,34
10542,39
10543,11
10544,6
10545,50
10546,8
10547,12
10548,9
10549,9
10550,3
10551,18
10552,19
10553,18
10554,10
10555,19
10556,12
10557,37
10558,27
10559,9
10560,58
10561,12
10562,20
10563,0
10564,1
10565,15
10566,2
10567,24
10568,5
10569,0
10570,3
10571,10
10572,9
10573,38
10574,54
10575,27
10576,13
10577,47
10578,10
10579,20
10580,8
10581,24
10582,0
10583,2
10584,0
10585,1
10586,9
10587,56
10588,35
10589,21
10590,48
10591,20
10592,9
10593,25
10594,57
10595,0
10596,0
10597,15
10598,32
10599,12
10600,6
10601,27
10602,12
10603,50
10604,9
10605,6
10606,28
10607,54
10608,17
10609,46
10610,2
10611,29
10612,3
10613,40
10614,51
10615,49
10616,12
10617,1
10618,45
10619,3
10620,15
10621,31
10622,41
10623,12
10624,16
10625,8
10626,10
10627,52
10628,2
10629,3
10630,0
10631,0
10632,59
10633,24
10634,9
10635,1
10636,0